/*
SQLyog Ultimate v11.24 (32 bit)
MySQL - 5.6.21-log : Database - unail
*********************************************************************
*/

/*!40101 SET NAMES utf8 */;

/*!40101 SET SQL_MODE=''*/;

/*!40014 SET @OLD_UNIQUE_CHECKS=@@UNIQUE_CHECKS, UNIQUE_CHECKS=0 */;
/*!40101 SET @OLD_SQL_MODE=@@SQL_MODE, SQL_MODE='NO_AUTO_VALUE_ON_ZERO' */;
/*!40111 SET @OLD_SQL_NOTES=@@SQL_NOTES, SQL_NOTES=0 */;
CREATE DATABASE /*!32312 IF NOT EXISTS*/`unail` /*!40100 DEFAULT CHARACTER SET utf8 */;

USE `unail`;

/*Table structure for table `arrange` */

DROP TABLE IF EXISTS `arrange`;

CREATE TABLE `arrange` (
  `arrange_no` bigint(20) NOT NULL AUTO_INCREMENT COMMENT '预约号',
  `custom_name` varchar(20) DEFAULT NULL COMMENT '预约客户姓名',
  `custom_phone` varchar(11) DEFAULT NULL COMMENT '预约客户电话',
  `custom_type` varchar(20) DEFAULT NULL COMMENT '预约客户类型',
  `arrange_time` datetime DEFAULT NULL COMMENT '预约时间',
  `if_finish` int(1) DEFAULT '0' COMMENT '预约项目是否完成',
  `arrange_product` varchar(50) DEFAULT NULL COMMENT '预约产品项目',
  `arrange_shop` bigint(20) DEFAULT NULL COMMENT '预约门店',
  PRIMARY KEY (`arrange_no`)
) ENGINE=InnoDB DEFAULT CHARSET=utf8;

/*Data for the table `arrange` */

/*Table structure for table `balance_card` */

DROP TABLE IF EXISTS `balance_card`;

CREATE TABLE `balance_card` (
  `id` bigint(20) NOT NULL AUTO_INCREMENT,
  `balance_id` bigint(20) DEFAULT NULL,
  `card_detail_id` bigint(20) DEFAULT NULL,
  PRIMARY KEY (`id`),
  KEY `bal_key` (`balance_id`),
  KEY `carddetail_key` (`card_detail_id`),
  CONSTRAINT `bal_key` FOREIGN KEY (`balance_id`) REFERENCES `product_balance` (`id`),
  CONSTRAINT `carddetail_key` FOREIGN KEY (`card_detail_id`) REFERENCES `card_use_detail` (`detail_no`)
) ENGINE=InnoDB AUTO_INCREMENT=205 DEFAULT CHARSET=utf8;

/*Data for the table `balance_card` */

insert  into `balance_card`(`id`,`balance_id`,`card_detail_id`) values (181,190,184),(182,191,185),(183,192,186),(184,193,187),(185,194,188),(186,195,189),(187,196,190),(188,197,191),(189,198,192),(190,199,193),(191,200,194),(192,201,195),(193,203,196),(194,204,197),(195,206,198),(196,207,199),(197,208,200),(198,209,201),(199,212,202),(200,213,203),(201,214,204),(202,215,205),(203,216,206),(204,217,207);

/*Table structure for table `card` */

DROP TABLE IF EXISTS `card`;

CREATE TABLE `card` (
  `card_id` bigint(20) NOT NULL AUTO_INCREMENT,
  `card_no` varchar(20) DEFAULT NULL COMMENT '卡片号',
  `card_seq` int(11) DEFAULT NULL,
  `card_kind_no` bigint(20) DEFAULT NULL COMMENT '卡种编号',
  `user_no` bigint(10) DEFAULT NULL COMMENT '用户编号 不一定存在用户绑定',
  `surplus_sales` float DEFAULT NULL COMMENT '剩余金额',
  `surplus_times` int(10) DEFAULT NULL COMMENT '剩余次数',
  `card_value` float DEFAULT NULL COMMENT '卡片现金价值',
  `card_remainvalue` float DEFAULT NULL COMMENT '卡片剩余现金价值',
  `last_consumetime` datetime DEFAULT CURRENT_TIMESTAMP COMMENT '最近一次消费日期',
  `last_consumepro` varchar(50) DEFAULT NULL COMMENT '最近一次消费产品',
  `last_consumesales` float DEFAULT NULL COMMENT '最近一次消费金额',
  `last_staff` varchar(20) DEFAULT NULL COMMENT '最近一次服务员工',
  `card_status` int(11) DEFAULT '1' COMMENT '卡片状态',
  `card_duetime` datetime DEFAULT NULL COMMENT '卡片有效期',
  `card_usecount` int(11) DEFAULT '-1' COMMENT '卡片可使用次数',
  `card_term` int(11) DEFAULT NULL COMMENT '卡片使用周期',
  PRIMARY KEY (`card_id`),
  KEY `card_cardkind` (`card_kind_no`),
  KEY `card_custom` (`user_no`),
  CONSTRAINT `card_cardkind` FOREIGN KEY (`card_kind_no`) REFERENCES `card_kind` (`card_kind_no`),
  CONSTRAINT `card_custom` FOREIGN KEY (`user_no`) REFERENCES `custom` (`custom_no`)
) ENGINE=InnoDB AUTO_INCREMENT=34 DEFAULT CHARSET=utf8;

/*Data for the table `card` */

insert  into `card`(`card_id`,`card_no`,`card_seq`,`card_kind_no`,`user_no`,`surplus_sales`,`surplus_times`,`card_value`,`card_remainvalue`,`last_consumetime`,`last_consumepro`,`last_consumesales`,`last_staff`,`card_status`,`card_duetime`,`card_usecount`,`card_term`) values (33,'C10000+-1',1,55,39,11938,0,0,0,'2016-10-08 23:36:10','修整甲型（足部）',68,NULL,1,'2018-12-31 00:00:00',-1,NULL);

/*Table structure for table `card_kind` */

DROP TABLE IF EXISTS `card_kind`;

CREATE TABLE `card_kind` (
  `card_kind_no` bigint(20) NOT NULL AUTO_INCREMENT COMMENT '卡种编号 自动生成',
  `card_kind_type` varchar(30) DEFAULT NULL COMMENT '充值卡、疗程卡、促销卡（现金抵用）、其他',
  `card_kind_name` varchar(100) DEFAULT NULL COMMENT '卡种名称',
  `card_kind_desc` varchar(300) DEFAULT NULL COMMENT '卡种描述',
  `card_kind_duetime` datetime DEFAULT NULL COMMENT '卡种截止时间',
  `card_kind_sales` float DEFAULT NULL COMMENT '卡种销售金额 卖价',
  `if_calculate_sales` int(1) DEFAULT '0' COMMENT '是否算销售业绩',
  `card_kind_rate` float DEFAULT NULL COMMENT '现金价值系数：销售价格/余额',
  `card_kind_useshop` varchar(100) DEFAULT NULL COMMENT '卡种适用门店 逗号相隔',
  `card_money` float DEFAULT NULL COMMENT '卡片金额 5000',
  `card_times` int(10) DEFAULT NULL COMMENT '卡片次数',
  `balance_type` varchar(100) DEFAULT NULL COMMENT '结算类别 抵用（金额，次）、折扣',
  `card_number_prefix` varchar(10) DEFAULT NULL COMMENT '卡号前缀',
  `card_number_start` varchar(20) DEFAULT NULL COMMENT '卡号起',
  `card_number_end` varchar(20) DEFAULT NULL COMMENT '卡号止',
  `cardkind_status` int(11) DEFAULT NULL COMMENT '状态',
  PRIMARY KEY (`card_kind_no`)
) ENGINE=InnoDB AUTO_INCREMENT=56 DEFAULT CHARSET=utf8;

/*Data for the table `card_kind` */

insert  into `card_kind`(`card_kind_no`,`card_kind_type`,`card_kind_name`,`card_kind_desc`,`card_kind_duetime`,`card_kind_sales`,`if_calculate_sales`,`card_kind_rate`,`card_kind_useshop`,`card_money`,`card_times`,`balance_type`,`card_number_prefix`,`card_number_start`,`card_number_end`,`cardkind_status`) values (12,'促销卡','0.15美睫3次','0.15美睫3次','2016-07-30 00:00:00',1530,0,0,'1,2,3,4,5',0,3,'次数结算','c1530',NULL,NULL,1),(13,'促销卡','0.15美睫10次','0.15美睫10次','2018-12-30 00:00:00',4420,1,0,'1,2,3',0,10,'次数结算','c4420',NULL,NULL,1),(14,'促销卡','0.12美睫3次','0.12美睫3次','2018-12-27 00:00:00',2205,1,NULL,'1,2,3,4,5',0,3,'次数结算','c2205',NULL,NULL,1),(15,'促销卡','0.12美睫10次','0.12美睫10次','2018-12-29 00:00:00',6370,1,NULL,'1,2,3,4,5',0,10,'次数结算','c6370',NULL,NULL,1),(16,'促销卡','0.10美睫3次','0.10美睫3次','2018-12-29 00:00:00',2880,1,NULL,'1,2,3,4,5',0,3,'次数结算','c2880',NULL,NULL,1),(17,'促销卡','0.10美睫10次','0.10美睫10次','2018-12-29 00:00:00',8320,1,NULL,'1,2,3,4,5',0,10,'次数结算','c8320',NULL,NULL,1),(18,'促销卡','0.10美睫年卡','0.10美睫年卡','2018-12-30 00:00:00',9800,1,NULL,'1,2,3,4,5',0,999,'次数结算','c9800',NULL,NULL,1),(19,'充值卡','3000充值卡','3000充值卡,享受所有手足部美甲护理服务8折','2020-12-30 00:00:00',3000,1,NULL,'3,4,5',3000,0,'金额结算','C3000',NULL,NULL,1),(20,'疗程卡','BCL有机手足护理（5个系列任选）10次','BCL有机手足护理（5个系列任选）10次','2018-12-30 00:00:00',2480,1,NULL,'1,2,3,4,5',0,16,'次数结算','L2480a',NULL,NULL,1),(21,'疗程卡','LCN 深层香薰保湿护理系列（手部）8次','LCN 深层香薰保湿护理系列（手部）8次','2018-12-30 00:00:00',2480,1,NULL,'1,2,3,4,5',0,8,'次数结算','L2480b',NULL,NULL,1),(22,'疗程卡','LCN 深层香薰保湿护理系列（足部）8次','LCN 深层香薰保湿护理系列（足部）8次','2018-12-30 00:00:00',2480,1,NULL,'1,2,3,4,5',0,8,'次数结算','L2480c',NULL,NULL,1),(23,'疗程卡','水漾橄榄手部护理系列 8次','水漾橄榄手部护理系列 8次','2018-12-30 00:00:00',1980,1,NULL,'1,2,3,4,5',12,8,'次数结算','L1980a',NULL,NULL,1),(24,'疗程卡','红葡萄酒足部护理系列 8次','红葡萄酒足部护理系列 8次','2015-12-30 00:00:00',1980,1,NULL,'1,2,3,4,5',0,8,'次数结算','L1980b',NULL,NULL,1),(25,'充值卡','5000充值卡','5000充值卡,享受所有手足部美甲护理服务7折','2018-12-30 00:00:00',5000,1,NULL,'3,4,5',5000,0,'金额结算','C5000a',NULL,NULL,1),(26,'充值卡','10000充值卡','10000充值卡,享受所有手足部美甲护理服务6折，外卖产品95折','2018-12-30 00:00:00',10000,1,NULL,'3,4,5',10000,0,'金额结算','C10000a',NULL,NULL,1),(28,'疗程卡','LCN 深层香薰保湿护理（手足部）15次','LCN 深层香薰保湿护理（手足部）15次','2018-12-31 00:00:00',4380,1,NULL,'1,2,3,4,5',0,15,'次数结算','L4380',NULL,NULL,1),(32,'疗程卡','100%橄榄精粹超保湿美白护理套装15次','100%橄榄精粹超保湿美白护理套装15次','2018-12-30 00:00:00',2880,1,NULL,'1,2,3,4,5',0,15,'次数结算','L2880',NULL,NULL,1),(33,'疗程卡','100%橄榄精粹手甲精粹护理套装15次','100%橄榄精粹手甲精粹护理套装15次','2018-12-30 00:00:00',4180,1,NULL,'1,2,3,4,5',0,15,'次数结算','L4180a',NULL,NULL,1),(34,'疗程卡','BCL有机手足护理（5个系列任选）20次','BCL有机手足护理（5个系列任选）20次','2018-12-30 00:00:00',4180,1,NULL,'1,2,3,4,5',0,20,'次数结算','L4180b',NULL,NULL,1),(35,'疗程卡','水漾橄榄手部护理系列 15次','水漾橄榄手部护理系列 15次','2018-12-30 00:00:00',3480,1,NULL,'1,2,3,4,5',0,15,'次数结算','L3480a',NULL,NULL,1),(36,'疗程卡','红葡萄酒足部护理系列 15次','红葡萄酒足部护理系列 15次','2018-12-30 00:00:00',3480,1,NULL,'1,2,3,4,5',0,15,'次数结算','L3480b',NULL,NULL,1),(37,'充值卡','1000充值卡','1000充值卡，享受所有手足部美甲护理服务88折','2018-12-30 00:00:00',1000,1,NULL,'3,4,5',1000,0,'金额结算','C1000',NULL,NULL,1),(38,'充值卡','20000充值卡','20000充值卡，享受所有手足部美甲护理服务6折，外卖产品9折','2018-12-30 00:00:00',20000,1,NULL,'3,4,5',20000,0,'金额结算','C20000a',NULL,NULL,1),(39,'促销卡','韩国原装进口蚕丝超轻自然睫毛 3+1次','韩国原装进口蚕丝超轻自然睫毛 3次送1次','2018-12-30 00:00:00',4740,1,NULL,'1,2,3,4,5',0,4,'次数结算','C4740',NULL,NULL,1),(40,'促销卡','韩国原装进口蚕丝超轻自然睫毛 5+2次','韩国原装进口蚕丝超轻自然睫毛 5次送2次','2018-12-30 00:00:00',7900,1,NULL,'1,2,3,4,5',0,7,'次数结算','C7900',NULL,NULL,1),(41,'促销卡','韩国原装进口丝绸超轻自然睫毛 3+1次','韩国原装进口丝绸超轻自然睫毛 3次送1次','2018-12-30 00:00:00',3840,1,NULL,'1,2,3,4,5',0,4,'次数结算','C3840',NULL,NULL,1),(42,'促销卡','韩国原装进口丝绸超轻自然睫毛 5+2次','韩国原装进口丝绸超轻自然睫毛 5次送2次','2018-12-30 00:00:00',6400,1,NULL,'1,2,3,4,5',0,7,'次数结算','C6400',NULL,NULL,1),(43,'促销卡','韩国原装进口豪华貂毛睫毛 3+1次','韩国原装进口豪华貂毛睫毛 3次送1次','2018-12-30 00:00:00',2940,1,NULL,'1,2,3,4,5',0,4,'次数结算','C2940',NULL,NULL,1),(44,'促销卡','韩国原装进口豪华貂毛睫毛 5+2次','韩国原装进口豪华貂毛睫毛 5次送2次','2018-12-30 00:00:00',4900,1,NULL,'1,2,3,4,5',0,7,'次数结算','C4900',NULL,NULL,1),(45,'促销卡','韩国原装进口超轻貂毛睫毛 3+1次','韩国原装进口超轻貂毛睫毛 3次送1次','2018-12-30 00:00:00',2040,1,NULL,'1,2,3,4,5',0,4,'次数结算','C2040',NULL,NULL,1),(46,'促销卡','韩国原装进口超轻貂毛睫毛 5+2次','韩国原装进口超轻貂毛睫毛 5次送2次','2018-12-30 00:00:00',3400,1,NULL,'1,2,3,4,5',0,7,'次数结算','C3400',NULL,NULL,1),(47,'充值卡','3000充值卡 + 3000','3000充值卡 送 3000','2018-12-30 00:00:00',3000,1,NULL,'1,2,3,4,5',6000,0,'金额结算','C3000+',NULL,NULL,1),(48,'充值卡','5000充值卡 + 5000','5000充值卡 送 5000','2018-12-30 00:00:00',5000,1,NULL,'1,2,3,4,5',10000,0,'金额结算','C5000b',NULL,NULL,1),(49,'充值卡','10000充值卡 + 10000','10000充值卡 送 10000','2018-12-30 00:00:00',10000,1,0.5,'1,2,3,4,5',20000,0,'金额结算','C10000b',NULL,NULL,1),(50,'充值卡','20000充值卡 + 20000','20000充值卡 送 20000','2018-12-30 00:00:00',20000,1,NULL,'1,2,3,4,5',40000,0,'金额结算','C20000b',NULL,NULL,1),(51,'充值卡','30000充值卡 + 30000','30000充值卡 送 30000','2018-12-30 00:00:00',30000,1,NULL,'1,2,3,4,5',60000,0,'金额结算','C30000',NULL,NULL,1),(53,'其他','1000充值卡（六折）','1000充值卡（六折）特殊卡种','2018-12-31 00:00:00',1000,1,NULL,'3',1000,0,'金额结算','Qt1000',NULL,NULL,1),(54,'其他','点赞送20','点赞送20','2018-12-31 00:00:00',20,1,NULL,'3',20,0,'金额结算','Qs20',NULL,NULL,1),(55,'充值卡','10000充值卡+8000','10000充值卡+8000（即打0.56折）','2018-12-31 00:00:00',10000,1,0.56,'1,2,3,',18000,0,'金额结算','C10000+',NULL,NULL,1);

/*Table structure for table `card_kind_product` */

DROP TABLE IF EXISTS `card_kind_product`;

CREATE TABLE `card_kind_product` (
  `id` bigint(20) NOT NULL AUTO_INCREMENT COMMENT 'id',
  `card_kind_no` bigint(20) DEFAULT NULL COMMENT '卡种编号',
  `product_no` bigint(20) DEFAULT NULL COMMENT '产品/产品类别编号',
  `serve_discount` float DEFAULT NULL COMMENT '抵用折扣',
  `serve_times` int(11) DEFAULT NULL COMMENT '抵用次数',
  `serve_cycle` int(11) DEFAULT NULL COMMENT '抵用周期,天',
  PRIMARY KEY (`id`)
) ENGINE=InnoDB AUTO_INCREMENT=3606 DEFAULT CHARSET=utf8;

/*Data for the table `card_kind_product` */

insert  into `card_kind_product`(`id`,`card_kind_no`,`product_no`,`serve_discount`,`serve_times`,`serve_cycle`) values (6,3,27,0.8,0,0),(7,3,28,0.8,0,0),(8,3,30,0.8,0,0),(13,10,27,1,0,0),(14,10,28,1,0,0),(15,10,29,1,0,0),(16,10,30,1,0,0),(27,18,58,1,0,0),(77,14,57,1,0,0),(78,14,60,0.8,0,0),(79,14,61,0.8,0,0),(80,15,57,1,0,0),(81,15,60,0.6,0,0),(82,15,61,0.6,0,0),(83,16,58,1,0,0),(84,16,60,0.8,0,0),(85,16,61,0.8,0,0),(86,17,58,1,0,0),(87,17,60,0.6,0,0),(88,17,61,0.6,0,0),(167,13,56,1,0,0),(168,13,60,0.6,0,0),(169,13,61,0.6,0,0),(176,12,56,1,0,0),(177,12,60,0.8,0,0),(178,12,61,0.8,0,0),(221,22,68,1,0,0),(227,23,69,1,0,0),(228,24,70,1,0,0),(503,40,180,1,0,0),(504,41,181,1,0,0),(505,42,181,1,0,0),(507,44,182,1,0,0),(508,43,182,1,0,0),(509,45,183,1,0,0),(510,46,183,1,0,0),(512,21,67,1,0,0),(514,20,66,1,0,0),(516,39,180,1,0,0),(567,26,31,0.6,0,0),(568,26,32,0.6,0,0),(569,26,33,0.6,0,0),(570,26,34,0.6,0,0),(571,26,35,0.6,0,0),(572,26,36,0.6,0,0),(573,26,37,0.6,0,0),(574,26,38,0.6,0,0),(575,26,39,0.6,0,0),(576,26,40,0.6,0,0),(577,26,41,0.6,0,0),(578,26,42,0.6,0,0),(579,26,43,0.6,0,0),(580,26,44,0.6,0,0),(581,26,45,0.6,0,0),(582,26,46,0.6,0,0),(583,26,47,0.6,0,0),(584,26,48,0.6,0,0),(585,26,49,0.6,0,0),(586,26,50,0.6,0,0),(587,26,51,0.6,0,0),(588,26,52,0.6,0,0),(589,26,53,0.6,0,0),(590,26,54,0.6,0,0),(591,26,55,0.6,0,0),(592,26,109,0.95,0,0),(593,26,110,0.95,0,0),(594,26,111,0.95,0,0),(595,26,112,0.95,0,0),(596,26,113,0.95,0,0),(597,26,114,0.95,0,0),(598,26,115,0.95,0,0),(599,26,116,0.95,0,0),(600,26,117,0.95,0,0),(601,26,118,0.95,0,0),(602,26,119,0.95,0,0),(603,26,120,0.95,0,0),(604,26,121,0.95,0,0),(605,26,122,0.95,0,0),(606,26,123,0.95,0,0),(607,26,124,0.95,0,0),(608,26,125,0.95,0,0),(609,26,126,0.95,0,0),(610,26,127,0.95,0,0),(611,26,128,0.95,0,0),(612,26,129,0.95,0,0),(613,26,130,0.95,0,0),(614,26,131,0.95,0,0),(615,26,132,0.95,0,0),(616,26,133,0.95,0,0),(617,26,134,0.95,0,0),(618,26,135,0.95,0,0),(619,26,136,0.95,0,0),(620,26,137,0.95,0,0),(621,26,138,0.95,0,0),(622,26,139,0.95,0,0),(623,26,140,0.95,0,0),(624,26,141,0.95,0,0),(625,26,142,0.95,0,0),(626,26,143,0.95,0,0),(627,26,144,0.95,0,0),(628,26,145,0.95,0,0),(629,26,146,0.95,0,0),(630,26,147,0.95,0,0),(631,26,148,0.95,0,0),(632,26,149,0.95,0,0),(633,26,150,0.95,0,0),(634,26,151,0.95,0,0),(635,26,152,0.95,0,0),(636,26,153,0.95,0,0),(637,26,154,0.95,0,0),(638,26,155,0.95,0,0),(639,26,156,0.95,0,0),(640,26,157,0.95,0,0),(666,38,31,0.6,0,0),(667,38,32,0.6,0,0),(668,38,33,0.6,0,0),(669,38,34,0.6,0,0),(670,38,35,0.6,0,0),(671,38,36,0.6,0,0),(672,38,37,0.6,0,0),(673,38,38,0.6,0,0),(674,38,39,0.6,0,0),(675,38,40,0.6,0,0),(676,38,41,0.6,0,0),(677,38,42,0.6,0,0),(678,38,43,0.6,0,0),(679,38,44,0.6,0,0),(680,38,45,0.6,0,0),(681,38,46,0.6,0,0),(682,38,47,0.6,0,0),(683,38,48,0.6,0,0),(684,38,49,0.6,0,0),(685,38,50,0.6,0,0),(686,38,51,0.6,0,0),(687,38,52,0.6,0,0),(688,38,53,0.6,0,0),(689,38,54,0.6,0,0),(690,38,55,0.6,0,0),(691,38,109,0.9,0,0),(692,38,110,0.9,0,0),(693,38,111,0.9,0,0),(694,38,112,0.9,0,0),(695,38,113,0.9,0,0),(696,38,114,0.9,0,0),(697,38,115,0.9,0,0),(698,38,116,0.9,0,0),(699,38,117,0.9,0,0),(700,38,118,0.9,0,0),(701,38,119,0.9,0,0),(702,38,120,0.9,0,0),(703,38,121,0.9,0,0),(704,38,122,0.9,0,0),(705,38,123,0.9,0,0),(706,38,124,0.9,0,0),(707,38,125,0.9,0,0),(708,38,126,0.9,0,0),(709,38,127,0.9,0,0),(710,38,128,0.9,0,0),(711,38,129,0.9,0,0),(712,38,130,0.9,0,0),(713,38,131,0.9,0,0),(714,38,132,0.9,0,0),(715,38,133,0.9,0,0),(716,38,134,0.9,0,0),(717,38,135,0.9,0,0),(718,38,136,0.9,0,0),(719,38,137,0.9,0,0),(720,38,138,0.9,0,0),(721,38,139,0.9,0,0),(722,38,140,0.9,0,0),(723,38,141,0.9,0,0),(724,38,142,0.9,0,0),(725,38,143,0.9,0,0),(726,38,144,0.9,0,0),(727,38,145,0.9,0,0),(728,38,146,0.9,0,0),(729,38,147,0.9,0,0),(730,38,148,0.9,0,0),(731,38,149,0.9,0,0),(732,38,150,0.9,0,0),(733,38,151,0.9,0,0),(734,38,152,0.9,0,0),(735,38,153,0.9,0,0),(736,38,154,0.9,0,0),(737,38,155,0.9,0,0),(738,38,156,0.9,0,0),(739,38,157,0.9,0,0),(1049,19,31,0.8,0,0),(1050,19,32,0.8,0,0),(1051,19,33,0.8,0,0),(1052,19,34,0.8,0,0),(1053,19,35,0.8,0,0),(1054,19,36,0.8,0,0),(1055,19,37,0.8,0,0),(1056,19,38,0.8,0,0),(1057,19,39,0.8,0,0),(1058,19,40,0.8,0,0),(1059,19,41,0.8,0,0),(1060,19,42,0.8,0,0),(1061,19,43,0.8,0,0),(1062,19,44,0.8,0,0),(1063,19,45,0.8,0,0),(1064,19,46,0.8,0,0),(1065,19,47,0.8,0,0),(1066,19,48,0.8,0,0),(1067,19,49,0.8,0,0),(1068,19,50,0.8,0,0),(1069,19,51,0.8,0,0),(1070,19,52,0.8,0,0),(1071,19,53,0.8,0,0),(1072,19,54,0.8,0,0),(1073,19,55,0.8,0,0),(1074,19,184,0.8,0,0),(1075,19,185,0.8,0,0),(1076,19,186,0.8,0,0),(1077,19,187,0.8,0,0),(1078,19,188,0.8,0,0),(1079,19,189,0.8,0,0),(1080,19,190,0.8,0,0),(1081,19,191,0.8,0,0),(1082,19,192,0.8,0,0),(1083,19,56,1,0,0),(1084,19,57,1,0,0),(1085,19,58,1,0,0),(1086,19,59,1,0,0),(1087,19,60,1,0,0),(1088,19,61,1,0,0),(1089,19,62,1,0,0),(1090,19,63,1,0,0),(1091,19,64,1,0,0),(1092,19,65,1,0,0),(1093,19,66,1,0,0),(1094,19,67,1,0,0),(1095,19,68,1,0,0),(1096,19,69,1,0,0),(1097,19,70,1,0,0),(1098,19,71,1,0,0),(1099,19,72,1,0,0),(1100,19,73,1,0,0),(1101,19,74,1,0,0),(1102,19,75,1,0,0),(1103,19,76,1,0,0),(1104,19,77,1,0,0),(1105,19,78,1,0,0),(1106,19,79,1,0,0),(1107,19,80,1,0,0),(1108,19,81,1,0,0),(1109,19,82,1,0,0),(1110,19,83,1,0,0),(1111,19,84,1,0,0),(1112,19,85,1,0,0),(1113,19,86,1,0,0),(1114,19,87,1,0,0),(1115,19,88,1,0,0),(1116,19,89,1,0,0),(1117,19,90,1,0,0),(1118,19,91,1,0,0),(1119,19,92,1,0,0),(1120,19,93,1,0,0),(1121,19,94,1,0,0),(1122,19,95,1,0,0),(1123,19,96,1,0,0),(1124,19,97,1,0,0),(1125,19,98,1,0,0),(1126,19,99,1,0,0),(1127,19,100,1,0,0),(1128,19,101,1,0,0),(1129,19,102,1,0,0),(1130,19,103,1,0,0),(1131,19,104,1,0,0),(1132,19,105,1,0,0),(1133,19,106,1,0,0),(1134,19,107,1,0,0),(1135,19,108,1,0,0),(1136,19,109,1,0,0),(1137,19,110,1,0,0),(1138,19,111,1,0,0),(1139,19,112,1,0,0),(1140,19,113,1,0,0),(1141,19,114,1,0,0),(1142,19,115,1,0,0),(1143,19,116,1,0,0),(1144,19,117,1,0,0),(1145,19,118,1,0,0),(1146,19,119,1,0,0),(1147,19,120,1,0,0),(1148,19,121,1,0,0),(1149,19,122,1,0,0),(1150,19,123,1,0,0),(1151,19,124,1,0,0),(1152,19,125,1,0,0),(1153,19,126,1,0,0),(1154,19,127,1,0,0),(1155,19,128,1,0,0),(1156,19,129,1,0,0),(1157,19,130,1,0,0),(1158,19,131,1,0,0),(1159,19,132,1,0,0),(1160,19,133,1,0,0),(1161,19,134,1,0,0),(1162,19,135,1,0,0),(1163,19,136,1,0,0),(1164,19,137,1,0,0),(1165,19,138,1,0,0),(1166,19,139,1,0,0),(1167,19,140,1,0,0),(1168,19,141,1,0,0),(1169,19,142,1,0,0),(1170,19,143,1,0,0),(1171,19,144,1,0,0),(1172,19,145,1,0,0),(1173,19,146,1,0,0),(1174,19,147,1,0,0),(1175,19,148,1,0,0),(1176,19,149,1,0,0),(1177,19,150,1,0,0),(1178,19,151,1,0,0),(1179,19,152,1,0,0),(1180,19,153,1,0,0),(1181,19,154,1,0,0),(1182,19,155,1,0,0),(1183,19,156,1,0,0),(1184,19,157,1,0,0),(1185,19,158,1,0,0),(1186,19,159,1,0,0),(1187,19,160,1,0,0),(1188,19,161,1,0,0),(1189,19,162,1,0,0),(1190,19,163,1,0,0),(1191,19,164,1,0,0),(1192,19,165,1,0,0),(1193,19,166,1,0,0),(1194,19,167,1,0,0),(1195,19,168,1,0,0),(1196,19,169,1,0,0),(1197,19,170,1,0,0),(1198,19,171,1,0,0),(1199,19,172,1,0,0),(1200,19,173,1,0,0),(1201,19,174,1,0,0),(1202,19,175,1,0,0),(1203,19,176,1,0,0),(1204,19,177,1,0,0),(1205,19,178,1,0,0),(1206,19,179,1,0,0),(1207,19,180,1,0,0),(1208,19,181,1,0,0),(1209,19,182,1,0,0),(1210,19,183,1,0,0),(1211,19,194,1,0,0),(1375,47,31,1,0,0),(1376,47,32,1,0,0),(1377,47,33,1,0,0),(1378,47,34,1,0,0),(1379,47,35,1,0,0),(1380,47,36,1,0,0),(1381,47,37,1,0,0),(1382,47,38,1,0,0),(1383,47,39,1,0,0),(1384,47,40,1,0,0),(1385,47,41,1,0,0),(1386,47,42,1,0,0),(1387,47,43,1,0,0),(1388,47,44,1,0,0),(1389,47,45,1,0,0),(1390,47,46,1,0,0),(1391,47,47,1,0,0),(1392,47,48,1,0,0),(1393,47,49,1,0,0),(1394,47,50,1,0,0),(1395,47,51,1,0,0),(1396,47,52,1,0,0),(1397,47,53,1,0,0),(1398,47,54,1,0,0),(1399,47,55,1,0,0),(1400,47,56,1,0,0),(1401,47,57,1,0,0),(1402,47,58,1,0,0),(1403,47,59,1,0,0),(1404,47,60,1,0,0),(1405,47,61,1,0,0),(1406,47,62,1,0,0),(1407,47,63,1,0,0),(1408,47,64,1,0,0),(1409,47,65,1,0,0),(1410,47,66,1,0,0),(1411,47,67,1,0,0),(1412,47,68,1,0,0),(1413,47,69,1,0,0),(1414,47,70,1,0,0),(1415,47,71,1,0,0),(1416,47,72,1,0,0),(1417,47,73,1,0,0),(1418,47,74,1,0,0),(1419,47,75,1,0,0),(1420,47,76,1,0,0),(1421,47,77,1,0,0),(1422,47,78,1,0,0),(1423,47,79,1,0,0),(1424,47,80,1,0,0),(1425,47,81,1,0,0),(1426,47,82,1,0,0),(1427,47,83,1,0,0),(1428,47,84,1,0,0),(1429,47,85,1,0,0),(1430,47,86,1,0,0),(1431,47,87,1,0,0),(1432,47,88,1,0,0),(1433,47,89,1,0,0),(1434,47,90,1,0,0),(1435,47,91,1,0,0),(1436,47,92,1,0,0),(1437,47,93,1,0,0),(1438,47,94,1,0,0),(1439,47,95,1,0,0),(1440,47,96,1,0,0),(1441,47,97,1,0,0),(1442,47,98,1,0,0),(1443,47,99,1,0,0),(1444,47,100,1,0,0),(1445,47,101,1,0,0),(1446,47,102,1,0,0),(1447,47,103,1,0,0),(1448,47,104,1,0,0),(1449,47,105,1,0,0),(1450,47,106,1,0,0),(1451,47,107,1,0,0),(1452,47,108,1,0,0),(1453,47,109,1,0,0),(1454,47,110,1,0,0),(1455,47,111,1,0,0),(1456,47,112,1,0,0),(1457,47,113,1,0,0),(1458,47,114,1,0,0),(1459,47,115,1,0,0),(1460,47,116,1,0,0),(1461,47,117,1,0,0),(1462,47,118,1,0,0),(1463,47,119,1,0,0),(1464,47,120,1,0,0),(1465,47,121,1,0,0),(1466,47,122,1,0,0),(1467,47,123,1,0,0),(1468,47,124,1,0,0),(1469,47,125,1,0,0),(1470,47,126,1,0,0),(1471,47,127,1,0,0),(1472,47,128,1,0,0),(1473,47,129,1,0,0),(1474,47,130,1,0,0),(1475,47,131,1,0,0),(1476,47,132,1,0,0),(1477,47,133,1,0,0),(1478,47,134,1,0,0),(1479,47,135,1,0,0),(1480,47,136,1,0,0),(1481,47,137,1,0,0),(1482,47,138,1,0,0),(1483,47,139,1,0,0),(1484,47,140,1,0,0),(1485,47,141,1,0,0),(1486,47,142,1,0,0),(1487,47,143,1,0,0),(1488,47,144,1,0,0),(1489,47,145,1,0,0),(1490,47,146,1,0,0),(1491,47,147,1,0,0),(1492,47,148,1,0,0),(1493,47,149,1,0,0),(1494,47,150,1,0,0),(1495,47,151,1,0,0),(1496,47,152,1,0,0),(1497,47,153,1,0,0),(1498,47,154,1,0,0),(1499,47,155,1,0,0),(1500,47,156,1,0,0),(1501,47,157,1,0,0),(1502,47,158,1,0,0),(1503,47,159,1,0,0),(1504,47,160,1,0,0),(1505,47,161,1,0,0),(1506,47,162,1,0,0),(1507,47,163,1,0,0),(1508,47,164,1,0,0),(1509,47,165,1,0,0),(1510,47,166,1,0,0),(1511,47,167,1,0,0),(1512,47,168,1,0,0),(1513,47,169,1,0,0),(1514,47,170,1,0,0),(1515,47,171,1,0,0),(1516,47,172,1,0,0),(1517,47,173,1,0,0),(1518,47,174,1,0,0),(1519,47,175,1,0,0),(1520,47,176,1,0,0),(1521,47,177,1,0,0),(1522,47,178,1,0,0),(1523,47,179,1,0,0),(1524,47,180,1,0,0),(1525,47,181,1,0,0),(1526,47,182,1,0,0),(1527,47,183,1,0,0),(1528,47,184,1,0,0),(1529,47,185,1,0,0),(1530,47,186,1,0,0),(1531,47,187,1,0,0),(1532,47,188,1,0,0),(1533,47,189,1,0,0),(1534,47,190,1,0,0),(1535,47,191,1,0,0),(1536,47,192,1,0,0),(1537,47,194,1,0,0),(1538,47,195,1,0,0),(1703,54,31,1,0,0),(1704,54,32,1,0,0),(1705,54,33,1,0,0),(1706,54,34,1,0,0),(1707,54,35,1,0,0),(1708,54,36,1,0,0),(1709,54,37,1,0,0),(1710,54,38,1,0,0),(1711,54,39,1,0,0),(1712,54,40,1,0,0),(1713,54,41,1,0,0),(1714,54,42,1,0,0),(1715,54,43,1,0,0),(1716,54,44,1,0,0),(1717,54,45,1,0,0),(1718,54,46,1,0,0),(1719,54,47,1,0,0),(1720,54,48,1,0,0),(1721,54,49,1,0,0),(1722,54,50,1,0,0),(1723,54,51,1,0,0),(1724,54,52,1,0,0),(1725,54,53,1,0,0),(1726,54,54,1,0,0),(1727,54,55,1,0,0),(1728,54,56,1,0,0),(1729,54,57,1,0,0),(1730,54,58,1,0,0),(1731,54,59,1,0,0),(1732,54,60,1,0,0),(1733,54,61,1,0,0),(1734,54,62,1,0,0),(1735,54,63,1,0,0),(1736,54,64,1,0,0),(1737,54,65,1,0,0),(1738,54,66,1,0,0),(1739,54,67,1,0,0),(1740,54,68,1,0,0),(1741,54,69,1,0,0),(1742,54,70,1,0,0),(1743,54,71,1,0,0),(1744,54,72,1,0,0),(1745,54,73,1,0,0),(1746,54,74,1,0,0),(1747,54,75,1,0,0),(1748,54,76,1,0,0),(1749,54,77,1,0,0),(1750,54,78,1,0,0),(1751,54,79,1,0,0),(1752,54,80,1,0,0),(1753,54,81,1,0,0),(1754,54,82,1,0,0),(1755,54,83,1,0,0),(1756,54,84,1,0,0),(1757,54,85,1,0,0),(1758,54,86,1,0,0),(1759,54,87,1,0,0),(1760,54,88,1,0,0),(1761,54,89,1,0,0),(1762,54,90,1,0,0),(1763,54,91,1,0,0),(1764,54,92,1,0,0),(1765,54,93,1,0,0),(1766,54,94,1,0,0),(1767,54,95,1,0,0),(1768,54,96,1,0,0),(1769,54,97,1,0,0),(1770,54,98,1,0,0),(1771,54,99,1,0,0),(1772,54,100,1,0,0),(1773,54,101,1,0,0),(1774,54,102,1,0,0),(1775,54,103,1,0,0),(1776,54,104,1,0,0),(1777,54,105,1,0,0),(1778,54,106,1,0,0),(1779,54,107,1,0,0),(1780,54,108,1,0,0),(1781,54,109,1,0,0),(1782,54,110,1,0,0),(1783,54,111,1,0,0),(1784,54,112,1,0,0),(1785,54,113,1,0,0),(1786,54,114,1,0,0),(1787,54,115,1,0,0),(1788,54,116,1,0,0),(1789,54,117,1,0,0),(1790,54,118,1,0,0),(1791,54,119,1,0,0),(1792,54,120,1,0,0),(1793,54,121,1,0,0),(1794,54,122,1,0,0),(1795,54,123,1,0,0),(1796,54,124,1,0,0),(1797,54,125,1,0,0),(1798,54,126,1,0,0),(1799,54,127,1,0,0),(1800,54,128,1,0,0),(1801,54,129,1,0,0),(1802,54,130,1,0,0),(1803,54,131,1,0,0),(1804,54,132,1,0,0),(1805,54,133,1,0,0),(1806,54,134,1,0,0),(1807,54,135,1,0,0),(1808,54,136,1,0,0),(1809,54,137,1,0,0),(1810,54,138,1,0,0),(1811,54,139,1,0,0),(1812,54,140,1,0,0),(1813,54,141,1,0,0),(1814,54,142,1,0,0),(1815,54,143,1,0,0),(1816,54,144,1,0,0),(1817,54,145,1,0,0),(1818,54,146,1,0,0),(1819,54,147,1,0,0),(1820,54,148,1,0,0),(1821,54,149,1,0,0),(1822,54,150,1,0,0),(1823,54,151,1,0,0),(1824,54,152,1,0,0),(1825,54,153,1,0,0),(1826,54,154,1,0,0),(1827,54,155,1,0,0),(1828,54,156,1,0,0),(1829,54,157,1,0,0),(1830,54,158,1,0,0),(1831,54,159,1,0,0),(1832,54,160,1,0,0),(1833,54,161,1,0,0),(1834,54,162,1,0,0),(1835,54,163,1,0,0),(1836,54,164,1,0,0),(1837,54,165,1,0,0),(1838,54,166,1,0,0),(1839,54,167,1,0,0),(1840,54,168,1,0,0),(1841,54,169,1,0,0),(1842,54,170,1,0,0),(1843,54,171,1,0,0),(1844,54,172,1,0,0),(1845,54,173,1,0,0),(1846,54,174,1,0,0),(1847,54,175,1,0,0),(1848,54,176,1,0,0),(1849,54,177,1,0,0),(1850,54,178,1,0,0),(1851,54,179,1,0,0),(1852,54,180,1,0,0),(1853,54,181,1,0,0),(1854,54,182,1,0,0),(1855,54,183,1,0,0),(1856,54,184,1,0,0),(1857,54,185,1,0,0),(1858,54,186,1,0,0),(1859,54,187,1,0,0),(1860,54,188,1,0,0),(1861,54,189,1,0,0),(1862,54,190,1,0,0),(1863,54,191,1,0,0),(1864,54,192,1,0,0),(1865,54,194,1,0,0),(1866,54,195,1,0,0),(1867,53,31,0.6,0,0),(1868,53,32,0.6,0,0),(1869,53,33,0.6,0,0),(1870,53,34,0.6,0,0),(1871,53,35,0.6,0,0),(1872,53,36,0.6,0,0),(1873,53,37,0.6,0,0),(1874,53,38,0.6,0,0),(1875,53,39,0.6,0,0),(1876,53,40,0.6,0,0),(1877,53,41,0.6,0,0),(1878,53,42,0.6,0,0),(1879,53,43,0.6,0,0),(1880,53,44,0.6,0,0),(1881,53,45,0.6,0,0),(1882,53,46,0.6,0,0),(1883,53,47,0.6,0,0),(1884,53,48,0.6,0,0),(1885,53,49,0.6,0,0),(1886,53,50,0.6,0,0),(1887,53,51,0.6,0,0),(1888,53,52,0.6,0,0),(1889,53,53,0.6,0,0),(1890,53,54,0.6,0,0),(1891,53,55,0.6,0,0),(1892,53,184,0.6,0,0),(1893,53,185,0.6,0,0),(1894,53,186,0.6,0,0),(1895,53,187,0.6,0,0),(1896,53,188,0.6,0,0),(1897,53,189,0.6,0,0),(1898,53,190,0.6,0,0),(1899,53,191,0.6,0,0),(1900,53,192,0.6,0,0),(1901,53,56,1,0,0),(1902,53,57,1,0,0),(1903,53,58,1,0,0),(1904,53,59,1,0,0),(1905,53,60,1,0,0),(1906,53,61,1,0,0),(1907,53,62,1,0,0),(1908,53,63,1,0,0),(1909,53,64,1,0,0),(1910,53,65,1,0,0),(1911,53,66,1,0,0),(1912,53,67,1,0,0),(1913,53,68,1,0,0),(1914,53,69,1,0,0),(1915,53,70,1,0,0),(1916,53,71,1,0,0),(1917,53,72,1,0,0),(1918,53,73,1,0,0),(1919,53,74,1,0,0),(1920,53,75,1,0,0),(1921,53,76,1,0,0),(1922,53,77,1,0,0),(1923,53,78,1,0,0),(1924,53,79,1,0,0),(1925,53,80,1,0,0),(1926,53,81,1,0,0),(1927,53,82,1,0,0),(1928,53,83,1,0,0),(1929,53,84,1,0,0),(1930,53,85,1,0,0),(1931,53,86,1,0,0),(1932,53,87,1,0,0),(1933,53,88,1,0,0),(1934,53,89,1,0,0),(1935,53,90,1,0,0),(1936,53,91,1,0,0),(1937,53,92,1,0,0),(1938,53,93,1,0,0),(1939,53,94,1,0,0),(1940,53,95,1,0,0),(1941,53,96,1,0,0),(1942,53,97,1,0,0),(1943,53,98,1,0,0),(1944,53,99,1,0,0),(1945,53,100,1,0,0),(1946,53,101,1,0,0),(1947,53,102,1,0,0),(1948,53,103,1,0,0),(1949,53,104,1,0,0),(1950,53,105,1,0,0),(1951,53,106,1,0,0),(1952,53,107,1,0,0),(1953,53,108,1,0,0),(1954,53,109,1,0,0),(1955,53,110,1,0,0),(1956,53,111,1,0,0),(1957,53,112,1,0,0),(1958,53,113,1,0,0),(1959,53,114,1,0,0),(1960,53,115,1,0,0),(1961,53,116,1,0,0),(1962,53,117,1,0,0),(1963,53,118,1,0,0),(1964,53,119,1,0,0),(1965,53,120,1,0,0),(1966,53,121,1,0,0),(1967,53,122,1,0,0),(1968,53,123,1,0,0),(1969,53,124,1,0,0),(1970,53,125,1,0,0),(1971,53,126,1,0,0),(1972,53,127,1,0,0),(1973,53,128,1,0,0),(1974,53,129,1,0,0),(1975,53,130,1,0,0),(1976,53,131,1,0,0),(1977,53,132,1,0,0),(1978,53,133,1,0,0),(1979,53,134,1,0,0),(1980,53,135,1,0,0),(1981,53,136,1,0,0),(1982,53,137,1,0,0),(1983,53,138,1,0,0),(1984,53,139,1,0,0),(1985,53,140,1,0,0),(1986,53,141,1,0,0),(1987,53,142,1,0,0),(1988,53,143,1,0,0),(1989,53,144,1,0,0),(1990,53,145,1,0,0),(1991,53,146,1,0,0),(1992,53,147,1,0,0),(1993,53,148,1,0,0),(1994,53,149,1,0,0),(1995,53,150,1,0,0),(1996,53,151,1,0,0),(1997,53,152,1,0,0),(1998,53,153,1,0,0),(1999,53,154,1,0,0),(2000,53,155,1,0,0),(2001,53,156,1,0,0),(2002,53,157,1,0,0),(2003,53,158,1,0,0),(2004,53,159,1,0,0),(2005,53,160,1,0,0),(2006,53,161,1,0,0),(2007,53,162,1,0,0),(2008,53,163,1,0,0),(2009,53,164,1,0,0),(2010,53,165,1,0,0),(2011,53,166,1,0,0),(2012,53,167,1,0,0),(2013,53,168,1,0,0),(2014,53,169,1,0,0),(2015,53,170,1,0,0),(2016,53,171,1,0,0),(2017,53,172,1,0,0),(2018,53,173,1,0,0),(2019,53,174,1,0,0),(2020,53,175,1,0,0),(2021,53,176,1,0,0),(2022,53,177,1,0,0),(2023,53,178,1,0,0),(2024,53,179,1,0,0),(2025,53,180,1,0,0),(2026,53,181,1,0,0),(2027,53,182,1,0,0),(2028,53,183,1,0,0),(2029,53,194,1,0,0),(2030,53,195,1,0,0),(2290,28,67,1,0,0),(2291,28,68,1,0,0),(2459,34,62,1,0,0),(2460,34,63,1,0,0),(2461,37,31,0.88,0,0),(2462,37,32,0.88,0,0),(2463,37,33,0.88,0,0),(2464,37,34,0.88,0,0),(2465,37,35,0.88,0,0),(2466,37,36,0.88,0,0),(2467,37,37,0.88,0,0),(2468,37,38,0.88,0,0),(2469,37,39,0.88,0,0),(2470,37,40,0.88,0,0),(2471,37,41,0.88,0,0),(2472,37,42,0.88,0,0),(2473,37,43,0.88,0,0),(2474,37,44,0.88,0,0),(2475,37,45,0.88,0,0),(2476,37,46,0.88,0,0),(2477,37,47,0.88,0,0),(2478,37,48,0.88,0,0),(2479,37,49,0.88,0,0),(2480,37,50,0.88,0,0),(2481,37,51,0.88,0,0),(2482,37,52,0.88,0,0),(2483,37,53,0.88,0,0),(2484,37,54,0.88,0,0),(2485,37,55,0.88,0,0),(2486,37,184,0.88,0,0),(2487,37,185,0.88,0,0),(2488,37,186,0.88,0,0),(2489,37,187,0.88,0,0),(2490,37,188,0.88,0,0),(2491,37,189,0.88,0,0),(2492,37,190,0.88,0,0),(2493,37,191,0.88,0,0),(2494,37,192,0.88,0,0),(2495,37,56,1,0,0),(2496,37,57,1,0,0),(2497,37,58,1,0,0),(2498,37,59,1,0,0),(2499,37,60,1,0,0),(2500,37,61,1,0,0),(2501,37,62,1,0,0),(2502,37,63,1,0,0),(2503,37,64,1,0,0),(2504,37,65,1,0,0),(2505,37,66,1,0,0),(2506,37,67,1,0,0),(2507,37,68,1,0,0),(2508,37,69,1,0,0),(2509,37,70,1,0,0),(2510,37,71,1,0,0),(2511,37,72,1,0,0),(2512,37,73,1,0,0),(2513,37,74,1,0,0),(2514,37,75,1,0,0),(2515,37,76,1,0,0),(2516,37,77,1,0,0),(2517,37,78,1,0,0),(2518,37,79,1,0,0),(2519,37,80,1,0,0),(2520,37,81,1,0,0),(2521,37,82,1,0,0),(2522,37,83,1,0,0),(2523,37,84,1,0,0),(2524,37,85,1,0,0),(2525,37,86,1,0,0),(2526,37,87,1,0,0),(2527,37,88,1,0,0),(2528,37,89,1,0,0),(2529,37,90,1,0,0),(2530,37,91,1,0,0),(2531,37,92,1,0,0),(2532,37,93,1,0,0),(2533,37,94,1,0,0),(2534,37,95,1,0,0),(2535,37,96,1,0,0),(2536,37,97,1,0,0),(2537,37,98,1,0,0),(2538,37,99,1,0,0),(2539,37,100,1,0,0),(2540,37,101,1,0,0),(2541,37,102,1,0,0),(2542,37,103,1,0,0),(2543,37,104,1,0,0),(2544,37,105,1,0,0),(2545,37,106,1,0,0),(2546,37,107,1,0,0),(2547,37,108,1,0,0),(2548,37,109,1,0,0),(2549,37,110,1,0,0),(2550,37,111,1,0,0),(2551,37,112,1,0,0),(2552,37,113,1,0,0),(2553,37,114,1,0,0),(2554,37,115,1,0,0),(2555,37,116,1,0,0),(2556,37,117,1,0,0),(2557,37,118,1,0,0),(2558,37,119,1,0,0),(2559,37,120,1,0,0),(2560,37,121,1,0,0),(2561,37,122,1,0,0),(2562,37,123,1,0,0),(2563,37,124,1,0,0),(2564,37,125,1,0,0),(2565,37,126,1,0,0),(2566,37,127,1,0,0),(2567,37,128,1,0,0),(2568,37,129,1,0,0),(2569,37,130,1,0,0),(2570,37,131,1,0,0),(2571,37,132,1,0,0),(2572,37,133,1,0,0),(2573,37,134,1,0,0),(2574,37,135,1,0,0),(2575,37,136,1,0,0),(2576,37,137,1,0,0),(2577,37,138,1,0,0),(2578,37,139,1,0,0),(2579,37,140,1,0,0),(2580,37,141,1,0,0),(2581,37,142,1,0,0),(2582,37,143,1,0,0),(2583,37,144,1,0,0),(2584,37,145,1,0,0),(2585,37,146,1,0,0),(2586,37,147,1,0,0),(2587,37,148,1,0,0),(2588,37,149,1,0,0),(2589,37,150,1,0,0),(2590,37,151,1,0,0),(2591,37,152,1,0,0),(2592,37,153,1,0,0),(2593,37,154,1,0,0),(2594,37,155,1,0,0),(2595,37,156,1,0,0),(2596,37,157,1,0,0),(2597,37,158,1,0,0),(2598,37,159,1,0,0),(2599,37,160,1,0,0),(2600,37,161,1,0,0),(2601,37,162,1,0,0),(2602,37,163,1,0,0),(2603,37,164,1,0,0),(2604,37,165,1,0,0),(2605,37,166,1,0,0),(2606,37,167,1,0,0),(2607,37,168,1,0,0),(2608,37,169,1,0,0),(2609,37,170,1,0,0),(2610,37,171,1,0,0),(2611,37,172,1,0,0),(2612,37,173,1,0,0),(2613,37,174,1,0,0),(2614,37,175,1,0,0),(2615,37,176,1,0,0),(2616,37,177,1,0,0),(2617,37,178,1,0,0),(2618,37,179,1,0,0),(2619,37,180,1,0,0),(2620,37,181,1,0,0),(2621,37,182,1,0,0),(2622,37,183,1,0,0),(2623,37,194,1,0,0),(2624,37,195,1,0,0),(2625,25,31,0.7,0,0),(2626,25,32,0.7,0,0),(2627,25,33,0.7,0,0),(2628,25,34,0.7,0,0),(2629,25,35,0.7,0,0),(2630,25,36,0.7,0,0),(2631,25,37,0.7,0,0),(2632,25,38,0.7,0,0),(2633,25,39,0.7,0,0),(2634,25,40,0.7,0,0),(2635,25,41,0.7,0,0),(2636,25,42,0.7,0,0),(2637,25,43,0.7,0,0),(2638,25,44,0.7,0,0),(2639,25,45,0.7,0,0),(2640,25,46,0.7,0,0),(2641,25,47,0.7,0,0),(2642,25,48,0.7,0,0),(2643,25,49,0.7,0,0),(2644,25,50,0.7,0,0),(2645,25,51,0.7,0,0),(2646,25,52,0.7,0,0),(2647,25,53,0.7,0,0),(2648,25,54,0.7,0,0),(2649,25,55,0.7,0,0),(2650,25,186,0.7,0,0),(2651,25,187,0.7,0,0),(2652,25,188,0.7,0,0),(2653,25,189,0.7,0,0),(2654,25,190,0.7,0,0),(2655,25,191,0.7,0,0),(2656,25,192,0.7,0,0),(2657,25,56,1,0,0),(2658,25,57,1,0,0),(2659,25,58,1,0,0),(2660,25,59,1,0,0),(2661,25,60,1,0,0),(2662,25,61,1,0,0),(2663,25,62,1,0,0),(2664,25,63,1,0,0),(2665,25,64,1,0,0),(2666,25,65,1,0,0),(2667,25,66,1,0,0),(2668,25,67,1,0,0),(2669,25,68,1,0,0),(2670,25,69,1,0,0),(2671,25,70,1,0,0),(2672,25,71,1,0,0),(2673,25,72,1,0,0),(2674,25,73,1,0,0),(2675,25,74,1,0,0),(2676,25,75,1,0,0),(2677,25,76,1,0,0),(2678,25,77,1,0,0),(2679,25,78,1,0,0),(2680,25,79,1,0,0),(2681,25,80,1,0,0),(2682,25,81,1,0,0),(2683,25,82,1,0,0),(2684,25,83,1,0,0),(2685,25,84,1,0,0),(2686,25,85,1,0,0),(2687,25,86,1,0,0),(2688,25,87,1,0,0),(2689,25,88,1,0,0),(2690,25,89,1,0,0),(2691,25,90,1,0,0),(2692,25,91,1,0,0),(2693,25,92,1,0,0),(2694,25,93,1,0,0),(2695,25,94,1,0,0),(2696,25,95,1,0,0),(2697,25,96,1,0,0),(2698,25,97,1,0,0),(2699,25,98,1,0,0),(2700,25,99,1,0,0),(2701,25,100,1,0,0),(2702,25,101,1,0,0),(2703,25,102,1,0,0),(2704,25,103,1,0,0),(2705,25,104,1,0,0),(2706,25,105,1,0,0),(2707,25,106,1,0,0),(2708,25,107,1,0,0),(2709,25,108,1,0,0),(2710,25,109,1,0,0),(2711,25,110,1,0,0),(2712,25,111,1,0,0),(2713,25,112,1,0,0),(2714,25,113,1,0,0),(2715,25,114,1,0,0),(2716,25,115,1,0,0),(2717,25,116,1,0,0),(2718,25,117,1,0,0),(2719,25,118,1,0,0),(2720,25,119,1,0,0),(2721,25,120,1,0,0),(2722,25,121,1,0,0),(2723,25,122,1,0,0),(2724,25,123,1,0,0),(2725,25,124,1,0,0),(2726,25,125,1,0,0),(2727,25,126,1,0,0),(2728,25,127,1,0,0),(2729,25,128,1,0,0),(2730,25,129,1,0,0),(2731,25,130,1,0,0),(2732,25,131,1,0,0),(2733,25,132,1,0,0),(2734,25,133,1,0,0),(2735,25,134,1,0,0),(2736,25,135,1,0,0),(2737,25,136,1,0,0),(2738,25,137,1,0,0),(2739,25,138,1,0,0),(2740,25,139,1,0,0),(2741,25,140,1,0,0),(2742,25,141,1,0,0),(2743,25,142,1,0,0),(2744,25,143,1,0,0),(2745,25,144,1,0,0),(2746,25,145,1,0,0),(2747,25,146,1,0,0),(2748,25,147,1,0,0),(2749,25,148,1,0,0),(2750,25,149,1,0,0),(2751,25,150,1,0,0),(2752,25,151,1,0,0),(2753,25,152,1,0,0),(2754,25,153,1,0,0),(2755,25,154,1,0,0),(2756,25,155,1,0,0),(2757,25,156,1,0,0),(2758,25,157,1,0,0),(2759,25,158,1,0,0),(2760,25,159,1,0,0),(2761,25,160,1,0,0),(2762,25,161,1,0,0),(2763,25,162,1,0,0),(2764,25,163,1,0,0),(2765,25,164,1,0,0),(2766,25,165,1,0,0),(2767,25,166,1,0,0),(2768,25,167,1,0,0),(2769,25,168,1,0,0),(2770,25,169,1,0,0),(2771,25,170,1,0,0),(2772,25,171,1,0,0),(2773,25,172,1,0,0),(2774,25,173,1,0,0),(2775,25,174,1,0,0),(2776,25,175,1,0,0),(2777,25,176,1,0,0),(2778,25,177,1,0,0),(2779,25,178,1,0,0),(2780,25,179,1,0,0),(2781,25,180,1,0,0),(2782,25,181,1,0,0),(2783,25,182,1,0,0),(2784,25,183,1,0,0),(2785,25,194,1,0,0),(2786,49,31,1,0,0),(2787,49,32,1,0,0),(2788,49,33,1,0,0),(2789,49,34,1,0,0),(2790,49,35,1,0,0),(2791,49,36,1,0,0),(2792,49,37,1,0,0),(2793,49,38,1,0,0),(2794,49,39,1,0,0),(2795,49,40,1,0,0),(2796,49,41,1,0,0),(2797,49,42,1,0,0),(2798,49,43,1,0,0),(2799,49,44,1,0,0),(2800,49,45,1,0,0),(2801,49,46,1,0,0),(2802,49,47,1,0,0),(2803,49,48,1,0,0),(2804,49,49,1,0,0),(2805,49,50,1,0,0),(2806,49,51,1,0,0),(2807,49,52,1,0,0),(2808,49,53,1,0,0),(2809,49,54,1,0,0),(2810,49,55,1,0,0),(2811,49,56,1,0,0),(2812,49,57,1,0,0),(2813,49,58,1,0,0),(2814,49,59,1,0,0),(2815,49,60,1,0,0),(2816,49,61,1,0,0),(2817,49,62,1,0,0),(2818,49,63,1,0,0),(2819,49,64,1,0,0),(2820,49,65,1,0,0),(2821,49,66,1,0,0),(2822,49,67,1,0,0),(2823,49,68,1,0,0),(2824,49,69,1,0,0),(2825,49,70,1,0,0),(2826,49,71,1,0,0),(2827,49,72,1,0,0),(2828,49,73,1,0,0),(2829,49,74,1,0,0),(2830,49,75,1,0,0),(2831,49,76,1,0,0),(2832,49,77,1,0,0),(2833,49,78,1,0,0),(2834,49,79,1,0,0),(2835,49,80,1,0,0),(2836,49,81,1,0,0),(2837,49,82,1,0,0),(2838,49,83,1,0,0),(2839,49,84,1,0,0),(2840,49,85,1,0,0),(2841,49,86,1,0,0),(2842,49,87,1,0,0),(2843,49,88,1,0,0),(2844,49,89,1,0,0),(2845,49,90,1,0,0),(2846,49,91,1,0,0),(2847,49,92,1,0,0),(2848,49,93,1,0,0),(2849,49,94,1,0,0),(2850,49,95,1,0,0),(2851,49,96,1,0,0),(2852,49,97,1,0,0),(2853,49,98,1,0,0),(2854,49,99,1,0,0),(2855,49,100,1,0,0),(2856,49,101,1,0,0),(2857,49,102,1,0,0),(2858,49,103,1,0,0),(2859,49,104,1,0,0),(2860,49,105,1,0,0),(2861,49,106,1,0,0),(2862,49,107,1,0,0),(2863,49,108,1,0,0),(2864,49,109,1,0,0),(2865,49,110,1,0,0),(2866,49,111,1,0,0),(2867,49,112,1,0,0),(2868,49,113,1,0,0),(2869,49,114,1,0,0),(2870,49,115,1,0,0),(2871,49,116,1,0,0),(2872,49,117,1,0,0),(2873,49,118,1,0,0),(2874,49,119,1,0,0),(2875,49,120,1,0,0),(2876,49,121,1,0,0),(2877,49,122,1,0,0),(2878,49,123,1,0,0),(2879,49,124,1,0,0),(2880,49,125,1,0,0),(2881,49,126,1,0,0),(2882,49,127,1,0,0),(2883,49,128,1,0,0),(2884,49,129,1,0,0),(2885,49,130,1,0,0),(2886,49,131,1,0,0),(2887,49,132,1,0,0),(2888,49,133,1,0,0),(2889,49,134,1,0,0),(2890,49,135,1,0,0),(2891,49,136,1,0,0),(2892,49,137,1,0,0),(2893,49,138,1,0,0),(2894,49,139,1,0,0),(2895,49,140,1,0,0),(2896,49,141,1,0,0),(2897,49,142,1,0,0),(2898,49,143,1,0,0),(2899,49,144,1,0,0),(2900,49,145,1,0,0),(2901,49,146,1,0,0),(2902,49,147,1,0,0),(2903,49,148,1,0,0),(2904,49,149,1,0,0),(2905,49,150,1,0,0),(2906,49,151,1,0,0),(2907,49,152,1,0,0),(2908,49,153,1,0,0),(2909,49,154,1,0,0),(2910,49,155,1,0,0),(2911,49,156,1,0,0),(2912,49,157,1,0,0),(2913,49,158,1,0,0),(2914,49,159,1,0,0),(2915,49,160,1,0,0),(2916,49,161,1,0,0),(2917,49,162,1,0,0),(2918,49,163,1,0,0),(2919,49,164,1,0,0),(2920,49,165,1,0,0),(2921,49,166,1,0,0),(2922,49,167,1,0,0),(2923,49,168,1,0,0),(2924,49,169,1,0,0),(2925,49,170,1,0,0),(2926,49,171,1,0,0),(2927,49,172,1,0,0),(2928,49,173,1,0,0),(2929,49,174,1,0,0),(2930,49,175,1,0,0),(2931,49,176,1,0,0),(2932,49,177,1,0,0),(2933,49,178,1,0,0),(2934,49,179,1,0,0),(2935,49,180,1,0,0),(2936,49,181,1,0,0),(2937,49,182,1,0,0),(2938,49,183,1,0,0),(2939,49,184,1,0,0),(2940,49,185,1,0,0),(2941,49,186,1,0,0),(2942,49,187,1,0,0),(2943,49,188,1,0,0),(2944,49,189,1,0,0),(2945,49,190,1,0,0),(2946,49,191,1,0,0),(2947,49,192,1,0,0),(2948,49,194,1,0,0),(2949,49,195,1,0,0),(3442,55,31,1,0,0),(3443,55,32,1,0,0),(3444,55,33,1,0,0),(3445,55,34,1,0,0),(3446,55,35,1,0,0),(3447,55,36,1,0,0),(3448,55,37,1,0,0),(3449,55,38,1,0,0),(3450,55,39,1,0,0),(3451,55,40,1,0,0),(3452,55,41,1,0,0),(3453,55,42,1,0,0),(3454,55,43,1,0,0),(3455,55,44,1,0,0),(3456,55,45,1,0,0),(3457,55,46,1,0,0),(3458,55,47,1,0,0),(3459,55,48,1,0,0),(3460,55,49,1,0,0),(3461,55,50,1,0,0),(3462,55,51,1,0,0),(3463,55,52,1,0,0),(3464,55,53,1,0,0),(3465,55,54,1,0,0),(3466,55,55,1,0,0),(3467,55,56,1,0,0),(3468,55,57,1,0,0),(3469,55,58,1,0,0),(3470,55,59,1,0,0),(3471,55,60,1,0,0),(3472,55,61,1,0,0),(3473,55,62,1,0,0),(3474,55,63,1,0,0),(3475,55,64,1,0,0),(3476,55,65,1,0,0),(3477,55,66,1,0,0),(3478,55,67,1,0,0),(3479,55,68,1,0,0),(3480,55,69,1,0,0),(3481,55,70,1,0,0),(3482,55,71,1,0,0),(3483,55,72,1,0,0),(3484,55,73,1,0,0),(3485,55,74,1,0,0),(3486,55,75,1,0,0),(3487,55,76,1,0,0),(3488,55,77,1,0,0),(3489,55,78,1,0,0),(3490,55,79,1,0,0),(3491,55,80,1,0,0),(3492,55,81,1,0,0),(3493,55,82,1,0,0),(3494,55,83,1,0,0),(3495,55,84,1,0,0),(3496,55,85,1,0,0),(3497,55,86,1,0,0),(3498,55,87,1,0,0),(3499,55,88,1,0,0),(3500,55,89,1,0,0),(3501,55,90,1,0,0),(3502,55,91,1,0,0),(3503,55,92,1,0,0),(3504,55,93,1,0,0),(3505,55,94,1,0,0),(3506,55,95,1,0,0),(3507,55,96,1,0,0),(3508,55,97,1,0,0),(3509,55,98,1,0,0),(3510,55,99,1,0,0),(3511,55,100,1,0,0),(3512,55,101,1,0,0),(3513,55,102,1,0,0),(3514,55,103,1,0,0),(3515,55,104,1,0,0),(3516,55,105,1,0,0),(3517,55,106,1,0,0),(3518,55,107,1,0,0),(3519,55,108,1,0,0),(3520,55,180,1,0,0),(3521,55,181,1,0,0),(3522,55,182,1,0,0),(3523,55,183,1,0,0),(3524,55,184,1,0,0),(3525,55,185,1,0,0),(3526,55,186,1,0,0),(3527,55,187,1,0,0),(3528,55,188,1,0,0),(3529,55,189,1,0,0),(3530,55,190,1,0,0),(3531,55,191,1,0,0),(3532,55,192,1,0,0),(3533,55,194,1,0,0),(3534,55,195,1,0,0),(3535,55,109,1,0,0),(3536,55,110,1,0,0),(3537,55,111,1,0,0),(3538,55,112,1,0,0),(3539,55,113,1,0,0),(3540,55,114,1,0,0),(3541,55,115,1,0,0),(3542,55,116,1,0,0),(3543,55,117,1,0,0),(3544,55,118,1,0,0),(3545,55,119,1,0,0),(3546,55,120,1,0,0),(3547,55,121,1,0,0),(3548,55,122,1,0,0),(3549,55,123,1,0,0),(3550,55,124,1,0,0),(3551,55,125,1,0,0),(3552,55,126,1,0,0),(3553,55,127,1,0,0),(3554,55,128,1,0,0),(3555,55,129,1,0,0),(3556,55,130,1,0,0),(3557,55,131,1,0,0),(3558,55,132,1,0,0),(3559,55,133,1,0,0),(3560,55,134,1,0,0),(3561,55,135,1,0,0),(3562,55,136,1,0,0),(3563,55,137,1,0,0),(3564,55,138,1,0,0),(3565,55,139,1,0,0),(3566,55,140,1,0,0),(3567,55,141,1,0,0),(3568,55,142,1,0,0),(3569,55,143,1,0,0),(3570,55,144,1,0,0),(3571,55,145,1,0,0),(3572,55,146,1,0,0),(3573,55,147,1,0,0),(3574,55,148,1,0,0),(3575,55,149,1,0,0),(3576,55,150,1,0,0),(3577,55,151,1,0,0),(3578,55,152,1,0,0),(3579,55,153,1,0,0),(3580,55,154,1,0,0),(3581,55,155,1,0,0),(3582,55,156,1,0,0),(3583,55,157,1,0,0),(3584,55,158,1,0,0),(3585,55,159,1,0,0),(3586,55,160,1,0,0),(3587,55,161,1,0,0),(3588,55,162,1,0,0),(3589,55,163,1,0,0),(3590,55,164,1,0,0),(3591,55,165,1,0,0),(3592,55,166,1,0,0),(3593,55,167,1,0,0),(3594,55,168,1,0,0),(3595,55,169,1,0,0),(3596,55,170,1,0,0),(3597,55,171,1,0,0),(3598,55,172,1,0,0),(3599,55,173,1,0,0),(3600,55,174,1,0,0),(3601,55,175,1,0,0),(3602,55,176,1,0,0),(3603,55,177,1,0,0),(3604,55,178,1,0,0),(3605,55,179,1,0,0);

/*Table structure for table `card_sales_record` */

DROP TABLE IF EXISTS `card_sales_record`;

CREATE TABLE `card_sales_record` (
  `card_id` bigint(20) NOT NULL AUTO_INCREMENT COMMENT '卡片销售编号',
  `card_no` varchar(30) DEFAULT NULL COMMENT '卡号',
  `customer_name` varchar(20) DEFAULT NULL COMMENT '客户姓名',
  `customer_phone` varchar(20) DEFAULT NULL COMMENT '客户电话',
  `unionpay` float DEFAULT NULL COMMENT '银联费用',
  `sales_money` float DEFAULT NULL COMMENT '销售金额',
  `sales_time` datetime DEFAULT CURRENT_TIMESTAMP COMMENT '销售日期',
  `sales_staff` varchar(20) DEFAULT NULL COMMENT '销售员工',
  `sales_shop` varchar(10) DEFAULT NULL COMMENT '门店',
  PRIMARY KEY (`card_id`)
) ENGINE=InnoDB AUTO_INCREMENT=8 DEFAULT CHARSET=utf8;

/*Data for the table `card_sales_record` */

insert  into `card_sales_record`(`card_id`,`card_no`,`customer_name`,`customer_phone`,`unionpay`,`sales_money`,`sales_time`,`sales_staff`,`sales_shop`) values (7,'C10000+-1','杨欣','13584038468',NULL,10000,'2016-10-08 21:28:28','unail','ALL');

/*Table structure for table `card_use_detail` */

DROP TABLE IF EXISTS `card_use_detail`;

CREATE TABLE `card_use_detail` (
  `detail_no` bigint(20) NOT NULL AUTO_INCREMENT COMMENT '明细编号 自动生成',
  `card_id` bigint(20) DEFAULT NULL COMMENT '卡片ID',
  `consume_time` datetime DEFAULT CURRENT_TIMESTAMP COMMENT '消费日期',
  `card_consume_sales` float DEFAULT NULL COMMENT '卡片消费金额',
  `card_consume_times` int(10) DEFAULT NULL COMMENT '卡片消费次数',
  `card_surplus_sales` float DEFAULT NULL COMMENT '卡片剩余金额',
  `card_surplus_times` int(10) DEFAULT NULL COMMENT '卡片剩余次数',
  `consume_pro` varchar(50) DEFAULT NULL COMMENT '产品',
  `staff` varchar(20) DEFAULT NULL COMMENT '服务人员',
  PRIMARY KEY (`detail_no`)
) ENGINE=InnoDB AUTO_INCREMENT=208 DEFAULT CHARSET=utf8;

/*Data for the table `card_use_detail` */

insert  into `card_use_detail`(`detail_no`,`card_id`,`consume_time`,`card_consume_sales`,`card_consume_times`,`card_surplus_sales`,`card_surplus_times`,`consume_pro`,`staff`) values (184,33,'2016-10-08 22:04:55',48,0,17952,0,'修整甲型（手部）',NULL),(185,33,'2016-10-08 22:40:40',48,0,17904,0,'修整甲型（手部）',NULL),(186,33,'2016-10-08 22:40:40',68,0,17836,0,'修整甲型（足部）',NULL),(187,33,'2016-10-08 23:03:53',550,0,17286,0,'BCL 有机皮肤护理全系列（足部）',NULL),(188,33,'2016-10-08 23:03:53',48,0,17238,0,'修整甲型（手部）',NULL),(189,33,'2016-10-08 23:03:53',68,0,17170,0,'修整甲型（足部）',NULL),(190,33,'2016-10-08 23:05:04',500,0,16670,0,'BCL 有机皮肤护理全系列（手部）',NULL),(191,33,'2016-10-08 23:05:04',550,0,16120,0,'BCL 有机皮肤护理全系列（足部）',NULL),(192,33,'2016-10-08 23:05:04',48,0,16072,0,'修整甲型（手部）',NULL),(193,33,'2016-10-08 23:05:04',68,0,16004,0,'修整甲型（足部）',NULL),(194,33,'2016-10-08 23:11:10',500,0,15504,0,'BCL 有机皮肤护理全系列（手部）',NULL),(195,33,'2016-10-08 23:11:10',550,0,14954,0,'BCL 有机皮肤护理全系列（足部）',NULL),(196,33,'2016-10-08 23:11:10',68,0,14886,0,'修整甲型（足部）',NULL),(197,33,'2016-10-08 23:15:55',500,0,14386,0,'BCL 有机皮肤护理全系列（手部）',NULL),(198,33,'2016-10-08 23:15:55',48,0,14338,0,'修整甲型（手部）',NULL),(199,33,'2016-10-08 23:15:55',68,0,14270,0,'修整甲型（足部）',NULL),(200,33,'2016-10-08 23:20:11',500,0,13770,0,'BCL 有机皮肤护理全系列（手部）',NULL),(201,33,'2016-10-08 23:20:11',550,0,13220,0,'BCL 有机皮肤护理全系列（足部）',NULL),(202,33,'2016-10-08 23:28:44',500,0,12720,0,'BCL 有机皮肤护理全系列（手部）',NULL),(203,33,'2016-10-08 23:28:44',550,0,12170,0,'BCL 有机皮肤护理全系列（足部）',NULL),(204,33,'2016-10-08 23:28:44',48,0,12122,0,'修整甲型（手部）',NULL),(205,33,'2016-10-08 23:28:44',68,0,12054,0,'修整甲型（足部）',NULL),(206,33,'2016-10-08 23:36:10',48,0,12006,0,'修整甲型（手部）',NULL),(207,33,'2016-10-08 23:36:10',68,0,11938,0,'修整甲型（足部）',NULL);

/*Table structure for table `custom` */

DROP TABLE IF EXISTS `custom`;

CREATE TABLE `custom` (
  `custom_no` bigint(20) NOT NULL AUTO_INCREMENT COMMENT '客户号 自动',
  `custom_name` varchar(20) DEFAULT NULL COMMENT '客户姓名',
  `custom_phone` varchar(11) DEFAULT NULL COMMENT '客户电话',
  `if_vip` int(1) DEFAULT '0' COMMENT '是否vip',
  `vip_cardno` varchar(20) DEFAULT NULL COMMENT '会员卡号',
  `first_consumetime` datetime DEFAULT NULL COMMENT '首次到店日期',
  `lately_consumetime` datetime DEFAULT NULL COMMENT '最近一次消费日期',
  `custom_age` int(5) DEFAULT NULL COMMENT '客户年龄',
  `custom_area` varchar(50) DEFAULT NULL COMMENT '客户所在区域',
  `wechat_nickname` varchar(50) DEFAULT NULL COMMENT '微信昵称',
  `wechat_head` varchar(50) DEFAULT NULL COMMENT '微信头像',
  `wechat` varchar(50) DEFAULT NULL COMMENT '微信openid',
  `custom_birthday` varchar(255) DEFAULT NULL,
  PRIMARY KEY (`custom_no`)
) ENGINE=InnoDB AUTO_INCREMENT=53 DEFAULT CHARSET=utf8;

/*Data for the table `custom` */

insert  into `custom`(`custom_no`,`custom_name`,`custom_phone`,`if_vip`,`vip_cardno`,`first_consumetime`,`lately_consumetime`,`custom_age`,`custom_area`,`wechat_nickname`,`wechat_head`,`wechat`,`custom_birthday`) values (39,'杨欣','13584038468',1,'002186','2016-08-14 15:42:01','2016-10-08 23:36:10',0,'',NULL,NULL,NULL,NULL),(40,'张明月','13260705971',1,'00900','2016-08-14 15:42:04','2016-08-14 15:42:04',20,'',NULL,NULL,NULL,NULL),(46,'梅澜','18260076303',1,'000858','2016-08-14 14:09:06','2016-08-14 15:17:35',21,NULL,NULL,NULL,NULL,NULL),(47,'潘薇','13951666486',1,'000011','2016-08-14 15:41:26','2016-08-25 14:16:49',36,NULL,NULL,NULL,NULL,NULL),(51,'张瑶喆','13951900018',1,'000397','2016-08-15 11:30:51','2016-08-25 15:06:13',0,NULL,NULL,NULL,NULL,NULL),(52,'刘嘉仪','15651693508',1,'000127','2016-08-16 10:26:11','2016-08-16 16:38:18',29,NULL,NULL,NULL,NULL,NULL);

/*Table structure for table `product_balance` */

DROP TABLE IF EXISTS `product_balance`;

CREATE TABLE `product_balance` (
  `id` bigint(20) NOT NULL AUTO_INCREMENT COMMENT '编号 自动增长',
  `balance_no` varchar(64) DEFAULT NULL COMMENT '结算编号 一个客户的一次结算',
  `consume_time` datetime DEFAULT CURRENT_TIMESTAMP COMMENT '消费时间',
  `consume_pro_no` bigint(20) DEFAULT NULL COMMENT '消费产品编号',
  `pro_name` varchar(50) DEFAULT NULL COMMENT '产品名称',
  `pro_price` float DEFAULT NULL COMMENT '产品现价',
  `pro_count` int(11) DEFAULT NULL COMMENT '产品数量',
  `staff` int(20) DEFAULT '0' COMMENT '服务员工',
  `cashier` int(20) DEFAULT '0' COMMENT '收银员',
  `user_satisfaction` varchar(20) DEFAULT NULL COMMENT '用户满意度',
  `unionpay` float DEFAULT NULL COMMENT '银联金额',
  `cashprice` float DEFAULT NULL COMMENT '现金付款金额 单次消费收取的现金',
  `dealprice` float DEFAULT NULL COMMENT '抵用金额',
  `extraprice` float DEFAULT NULL COMMENT '额外折扣金额',
  `pay_total` float DEFAULT NULL COMMENT '现金+抵用',
  `product_total` float DEFAULT NULL COMMENT '产品现价*购买数量',
  `custom_no` bigint(20) DEFAULT NULL COMMENT '客户',
  `consume_shop` bigint(20) DEFAULT NULL COMMENT '门店编号',
  PRIMARY KEY (`id`),
  KEY `cus_key` (`custom_no`),
  CONSTRAINT `cus_key` FOREIGN KEY (`custom_no`) REFERENCES `custom` (`custom_no`)
) ENGINE=InnoDB AUTO_INCREMENT=218 DEFAULT CHARSET=utf8;

/*Data for the table `product_balance` */

insert  into `product_balance`(`id`,`balance_no`,`consume_time`,`consume_pro_no`,`pro_name`,`pro_price`,`pro_count`,`staff`,`cashier`,`user_satisfaction`,`unionpay`,`cashprice`,`dealprice`,`extraprice`,`pay_total`,`product_total`,`custom_no`,`consume_shop`) values (190,'26ce084c-0d59-4d56-b9b5-169da3435750','2016-10-08 22:04:55',31,'修整甲型（手部）',48,1,NULL,NULL,NULL,NULL,0,48,0,48,48,39,1),(191,'6d68c1f9-9496-4356-9faa-399d48f5342e','2016-10-08 22:40:40',31,'修整甲型（手部）',48,1,NULL,NULL,NULL,NULL,0,48,0,48,48,39,3),(192,'6d68c1f9-9496-4356-9faa-399d48f5342e','2016-10-08 22:40:40',32,'修整甲型（足部）',68,1,NULL,NULL,NULL,NULL,0,68,0,68,68,39,3),(193,'7a589847-d496-4490-bc64-35b6f1e7aa5d','2016-10-08 23:03:53',63,'BCL 有机皮肤护理全系列（足部）',550,1,NULL,NULL,NULL,NULL,0,550,0,550,550,39,1),(194,'7a589847-d496-4490-bc64-35b6f1e7aa5d','2016-10-08 23:03:53',31,'修整甲型（手部）',48,1,NULL,NULL,NULL,NULL,0,48,0,48,48,39,1),(195,'7a589847-d496-4490-bc64-35b6f1e7aa5d','2016-10-08 23:03:53',32,'修整甲型（足部）',68,1,NULL,NULL,NULL,NULL,0,68,0,68,68,39,1),(196,'f2230869-199a-40a6-8238-338067c24a8c','2016-10-08 23:05:04',62,'BCL 有机皮肤护理全系列（手部）',500,1,NULL,NULL,NULL,NULL,0,500,0,500,500,39,1),(197,'f2230869-199a-40a6-8238-338067c24a8c','2016-10-08 23:05:04',63,'BCL 有机皮肤护理全系列（足部）',550,1,NULL,NULL,NULL,NULL,0,550,0,550,550,39,1),(198,'f2230869-199a-40a6-8238-338067c24a8c','2016-10-08 23:05:04',31,'修整甲型（手部）',48,1,NULL,NULL,NULL,NULL,0,48,0,48,48,39,1),(199,'f2230869-199a-40a6-8238-338067c24a8c','2016-10-08 23:05:04',32,'修整甲型（足部）',68,1,NULL,NULL,NULL,NULL,0,68,0,68,68,39,1),(200,'faf30e1c-1be3-4c1e-8b83-665acf55e3d5','2016-10-08 23:11:10',62,'BCL 有机皮肤护理全系列（手部）',500,1,NULL,NULL,NULL,NULL,0,500,0,500,500,39,1),(201,'faf30e1c-1be3-4c1e-8b83-665acf55e3d5','2016-10-08 23:11:10',63,'BCL 有机皮肤护理全系列（足部）',550,1,NULL,NULL,NULL,NULL,0,550,0,550,550,39,1),(202,'faf30e1c-1be3-4c1e-8b83-665acf55e3d5','2016-10-08 23:11:10',31,'修整甲型（手部）',48,1,NULL,NULL,NULL,NULL,48,0,0,48,48,39,1),(203,'faf30e1c-1be3-4c1e-8b83-665acf55e3d5','2016-10-08 23:11:10',32,'修整甲型（足部）',68,1,NULL,NULL,NULL,NULL,0,68,0,68,68,39,1),(204,'3ffe4360-24d2-470a-89d7-2b0e2a4e3f7d','2016-10-08 23:15:55',62,'BCL 有机皮肤护理全系列（手部）',500,1,NULL,NULL,NULL,NULL,0,500,0,500,500,39,1),(205,'3ffe4360-24d2-470a-89d7-2b0e2a4e3f7d','2016-10-08 23:15:55',63,'BCL 有机皮肤护理全系列（足部）',550,1,NULL,NULL,NULL,NULL,550,0,0,550,550,39,1),(206,'3ffe4360-24d2-470a-89d7-2b0e2a4e3f7d','2016-10-08 23:15:55',31,'修整甲型（手部）',48,1,NULL,NULL,NULL,NULL,0,48,0,48,48,39,1),(207,'3ffe4360-24d2-470a-89d7-2b0e2a4e3f7d','2016-10-08 23:15:55',32,'修整甲型（足部）',68,1,NULL,NULL,NULL,NULL,0,68,0,68,68,39,1),(208,'df65e446-6e42-44c0-8636-6d0c30c23fb3','2016-10-08 23:20:11',62,'BCL 有机皮肤护理全系列（手部）',500,1,NULL,NULL,NULL,NULL,0,500,0,500,500,39,1),(209,'df65e446-6e42-44c0-8636-6d0c30c23fb3','2016-10-08 23:20:11',63,'BCL 有机皮肤护理全系列（足部）',550,1,NULL,NULL,NULL,NULL,0,550,0,550,550,39,1),(210,'df65e446-6e42-44c0-8636-6d0c30c23fb3','2016-10-08 23:20:11',31,'修整甲型（手部）',48,1,NULL,NULL,NULL,NULL,45,0,3,45,48,39,1),(211,'df65e446-6e42-44c0-8636-6d0c30c23fb3','2016-10-08 23:20:11',32,'修整甲型（足部）',68,1,NULL,NULL,NULL,NULL,68,0,0,68,68,39,1),(212,'49819420-13b1-4471-8a8f-b90e4b231b3d','2016-10-08 23:28:44',62,'BCL 有机皮肤护理全系列（手部）',500,1,NULL,NULL,NULL,NULL,0,500,0,500,500,39,1),(213,'49819420-13b1-4471-8a8f-b90e4b231b3d','2016-10-08 23:28:44',63,'BCL 有机皮肤护理全系列（足部）',550,1,NULL,NULL,NULL,NULL,0,550,0,550,550,39,1),(214,'49819420-13b1-4471-8a8f-b90e4b231b3d','2016-10-08 23:28:44',31,'修整甲型（手部）',48,1,NULL,NULL,NULL,NULL,0,48,0,48,48,39,1),(215,'49819420-13b1-4471-8a8f-b90e4b231b3d','2016-10-08 23:28:44',32,'修整甲型（足部）',68,1,NULL,NULL,NULL,NULL,0,68,0,68,68,39,1),(216,'641861e6-11f6-4e51-9436-7341fb3c4692','2016-10-08 23:36:10',31,'修整甲型（手部）',48,1,NULL,NULL,NULL,NULL,0,48,0,48,48,39,1),(217,'641861e6-11f6-4e51-9436-7341fb3c4692','2016-10-08 23:36:10',32,'修整甲型（足部）',68,1,NULL,NULL,NULL,NULL,0,68,0,68,68,39,1);

/*Table structure for table `product_info` */

DROP TABLE IF EXISTS `product_info`;

CREATE TABLE `product_info` (
  `product_no` bigint(20) NOT NULL AUTO_INCREMENT COMMENT '产品编号',
  `product_name` varchar(150) DEFAULT NULL COMMENT '产品名称',
  `product_letter` varchar(30) DEFAULT NULL COMMENT '产品拼音',
  `product_type1` varchar(100) DEFAULT NULL COMMENT '产品大类',
  `product_type2` varchar(100) DEFAULT NULL COMMENT '产品小类',
  `product_price1` float DEFAULT NULL COMMENT '产品价格 元',
  `product_price2` float DEFAULT NULL COMMENT '产品现价 元',
  `product_unit` varchar(32) DEFAULT NULL COMMENT '产品计价单位',
  `product_count` varchar(100) DEFAULT NULL COMMENT '产品规格',
  `product_decs` varchar(300) DEFAULT NULL COMMENT '产品描述',
  `product_cttime` datetime DEFAULT CURRENT_TIMESTAMP COMMENT '产品创建时间',
  `product_user` varchar(100) DEFAULT NULL COMMENT '产品录入人',
  PRIMARY KEY (`product_no`)
) ENGINE=InnoDB AUTO_INCREMENT=196 DEFAULT CHARSET=utf8;

/*Data for the table `product_info` */

insert  into `product_info`(`product_no`,`product_name`,`product_letter`,`product_type1`,`product_type2`,`product_price1`,`product_price2`,`product_unit`,`product_count`,`product_decs`,`product_cttime`,`product_user`) values (31,'修整甲型（手部）','xzjx（sb）','美甲',NULL,60,48,NULL,NULL,NULL,NULL,NULL),(32,'修整甲型（足部）','xzjx（zb）','美甲',NULL,80,68,NULL,NULL,NULL,NULL,NULL),(33,'U+ 专业指皮滋养护理（手部）','U+zyzpzyhl（sb）','美甲',NULL,120,98,NULL,NULL,NULL,NULL,NULL),(34,'U+ 专业指皮滋养护理（足部）','U+zyzpzyhl（zb）','美甲',NULL,130,118,NULL,NULL,NULL,NULL,NULL),(35,'U+ 王牌甲面蛋白全修护护理（手部）','U+wpjmdbqxhhl（sb）','美甲',NULL,220,198,NULL,NULL,NULL,NULL,NULL),(36,'U+ 王牌甲面蛋白全修护护理（足部）','U+wpjmdbqxhhl（zb）','美甲',NULL,260,218,NULL,NULL,NULL,NULL,NULL),(37,'CND 甲油胶（USA）（手部）','CNDjyj（USA）（sb）','美甲',NULL,400,268,NULL,NULL,NULL,NULL,NULL),(38,'CND 甲油胶（USA）（足部）','CNDjyj（USA）（zb）','美甲',NULL,460,298,NULL,NULL,NULL,NULL,NULL),(39,'LCN 甲油胶（Germany）（手部）','LCNjyj（Germany）（sb）','美甲',NULL,600,458,NULL,NULL,NULL,NULL,NULL),(40,'LCN 甲油胶（Germany）（足部）','LCNjyj（Germany）（zb）','美甲',NULL,650,498,NULL,NULL,NULL,NULL,NULL),(41,'法甲（整手单色）另加（手部）','fj（zsds）lj（sb）','美甲',NULL,70,58,NULL,NULL,NULL,NULL,NULL),(42,'法甲（整手单色）另加（足部）','fj（zsds）lj（zb）','美甲',NULL,80,68,NULL,NULL,NULL,NULL,NULL),(43,'法甲（双色）另加（手部）','fj（ss）lj（sb）','美甲',NULL,110,98,NULL,NULL,NULL,NULL,NULL),(44,'法甲（双色）另加（足部）','fj（ss）lj（zb）','美甲',NULL,130,118,NULL,NULL,NULL,NULL,NULL),(45,'渐变色另加','jbslj','美甲',NULL,120,100,NULL,NULL,'渐变色另加',NULL,NULL),(46,'卸甲油胶（手部）','xjyj（sb）','美甲',NULL,80,68,NULL,NULL,NULL,NULL,NULL),(47,'卸甲油胶（足部）','xjyj（zb）','美甲',NULL,120,98,NULL,NULL,NULL,NULL,NULL),(48,'卸光疗胶（手部）','xglj（sb）','美甲',NULL,160,148,'次','1','卸光疗胶（手部）',NULL,NULL),(49,'卸光疗胶（足部）','xglj（zb）','美甲',NULL,180,168,'次','1','卸光疗胶（足部）',NULL,NULL),(50,'设计师定制款式','sjsdzks','美甲',NULL,800,680,'次','1','设计师定制款式',NULL,NULL),(51,'纯色类定制','csldz','美甲',NULL,800,680,'次','1','纯色类定制',NULL,NULL),(52,'经典法式类定制','jdfsldz','美甲',NULL,1000,880,'次','1','经典法式类定制',NULL,NULL),(53,'创意设计彩绘类定制','cysjchldz','美甲',NULL,1200,1080,'次','1','创意设计彩绘类定制',NULL,NULL),(54,'进口配饰设计类定制','jkpssjldz','美甲',NULL,1200,1080,'次','1','进口配饰设计类定制',NULL,NULL),(55,'新娘私定制类定制','xnsdzldz','美甲',NULL,1500,1280,'次','1','新娘私定制类定制',NULL,NULL),(56,'0.15美睫','0.15mj','美睫',NULL,800,680,'次','1','0.15美睫',NULL,NULL),(57,'0.12美睫','0.12mj','美睫',NULL,1200,980,'次','1','0.12美睫',NULL,NULL),(58,'0.10美睫','0.10mj','美睫',NULL,1500,1280,'次','1','0.10美睫',NULL,NULL),(59,'0.07美睫','0.07mj','美睫',NULL,1800,1580,'次','1','0.07美睫',NULL,NULL),(60,'下睫毛（一根）','xjm（yg）','美睫',NULL,15,10,'次','1','下睫毛（一根）',NULL,NULL),(61,'彩色睫毛（一根）','csjm（yg）','美睫',NULL,15,10,'次','1','彩色睫毛（一根）',NULL,NULL),(62,'BCL 有机皮肤护理全系列（手部）','BCLyjpfhlqxl（sb）','美护',NULL,600,500,'次','1','BCL 有机皮肤护理全系列（手部）',NULL,NULL),(63,'BCL 有机皮肤护理全系列（足部）','BCLyjpfhlqxl（zb）','美护',NULL,800,550,'次','1','BCL 有机皮肤护理全系列（足部）',NULL,NULL),(64,'LCN 有机皮肤护理全系列（手部）','LCNyjpfhlqxl（sb）','美护',NULL,700,550,'次','1','LCN 有机皮肤护理全系列（手部）',NULL,NULL),(65,'LCN 有机皮肤护理全系列（足部）','LCNyjpfhlqxl（zb）','美护',NULL,750,580,'次','1','LCN 有机皮肤护理全系列（足部）',NULL,NULL),(66,'BCL 有机皮肤护理全系列','BCLyjpfhlqxl','美护',NULL,500,400,'次','1','BCL 有机皮肤护理全系列',NULL,NULL),(67,'LCN 深层香薰保湿手部护理','LCNscx薰bssbhl','美护',NULL,500,420,'次','1','LCN 深层香薰保湿手部护理',NULL,NULL),(68,'LCN 深层香薰保湿足部护理','LCNscx薰bszbhl','美护',NULL,450,550,'次','1','LCN 深层香薰保湿足部护理',NULL,NULL),(69,'LCN 水漾橄榄手部护理','LCNsy橄榄sbhl','美护',NULL,350,450,'次','1','LCN 水漾橄榄手部护理',NULL,NULL),(70,'LCN 红葡萄酒足部护理','LCNhptjzbhl','美护',NULL,360,500,'次','1','LCN 红葡萄酒足部护理',NULL,NULL),(71,'日常妆容（高级造型师）','rczr（gjzxs）','彩妆',NULL,300,280,'次','1','日常妆容（高级造型师）',NULL,NULL),(72,'日常妆容（明星造型师（北京））','rczr（mxzxs（bj））','彩妆',NULL,3500,3000,'次','1','日常妆容（明星造型师（北京））',NULL,NULL),(73,'日常妆容（顶级明星御用造型师（北京））','rczr（djmxyyzxs（bj））','彩妆',NULL,12000,10000,'次','1','日常妆容（顶级明星御用造型师（北京））',NULL,NULL),(74,'Party妆容（高级造型师）','Partyzr（gjzxs）','彩妆',NULL,400,380,'次','1','Party妆容（高级造型师）',NULL,NULL),(75,'Party妆容（明星造型师（北京））','Partyzr（mxzxs（bj））','彩妆',NULL,4000,3800,'次','1','Party妆容（明星造型师（北京））',NULL,NULL),(76,'Party妆容（顶级明星御用造型师（北京））','Partyzr（djmxyyzxs（bj））','彩妆',NULL,15000,12800,'次','1','Party妆容（顶级明星御用造型师（北京））',NULL,NULL),(77,'特殊妆容（高级造型师）','tszr（gjzxs）','彩妆',NULL,700,580,'次','1','特殊妆容（高级造型师）',NULL,NULL),(78,'特殊妆容（明星造型师（北京））','tszr（mxzxs（bj））','彩妆',NULL,6000,4800,'次','1','特殊妆容（明星造型师（北京））',NULL,NULL),(79,'特殊妆容（顶级明星御用造型师（北京））','tszr（djmxyyzxs（bj））','彩妆',NULL,16000,13800,'次','1','特殊妆容（顶级明星御用造型师（北京））',NULL,NULL),(80,'新娘妆容（高级造型师）','xnzr（gjzxs）','彩妆',NULL,2800,2680,'次','1','新娘妆容（高级造型师）',NULL,NULL),(81,'新娘妆容（明星造型师（北京））','xnzr（mxzxs（bj））','彩妆',NULL,10800,9800,'次','1','新娘妆容（明星造型师（北京））',NULL,NULL),(82,'新娘妆容（顶级明星御用造型师（北京））','xnzr（djmxyyzxs（bj））','彩妆',NULL,20800,18800,'次','1','新娘妆容（顶级明星御用造型师（北京））',NULL,NULL),(83,'OPT 极致完美脉冲光脱毛（全脸）','OPTjzwmmcgtm（ql）','脱毛',NULL,6000,5880,'次','1','OPT 极致完美脉冲光脱毛（全脸）',NULL,NULL),(84,'OPT 极致完美脉冲光脱毛（前发际线）','OPTjzwmmcgtm（qfjx）','脱毛',NULL,4000,3880,'次','1','OPT 极致完美脉冲光脱毛（前发际线）',NULL,NULL),(85,'OPT 极致完美脉冲光脱毛（后发际线）','OPTjzwmmcgtm（hfjx）','脱毛',NULL,4000,3880,'次','1','OPT 极致完美脉冲光脱毛（后发际线）',NULL,NULL),(86,'OPT 极致完美脉冲光脱毛（唇）','OPTjzwmmcgtm（c）','脱毛',NULL,2000,1980,'次','1','OPT 极致完美脉冲光脱毛（唇）',NULL,NULL),(87,'OPT 极致完美脉冲光脱毛（下颌）','OPTjzwmmcgtm（x颌）','脱毛',NULL,2000,1980,'次','1','OPT 极致完美脉冲光脱毛（下颌）',NULL,NULL),(88,'OPT 极致完美脉冲光脱毛（双腋下）','OPTjzwmmcgtm（syx）','脱毛',NULL,4000,3980,'次','1','OPT 极致完美脉冲光脱毛（双腋下）',NULL,NULL),(89,'OPT 极致完美脉冲光脱毛（乳晕周）','OPTjzwmmcgtm（ryz）','脱毛',NULL,3000,2980,'次','1','OPT 极致完美脉冲光脱毛（乳晕周）',NULL,NULL),(90,'OPT 极致完美脉冲光脱毛（上臂）','OPTjzwmmcgtm（sb）','脱毛',NULL,2600,2580,'次','1','OPT 极致完美脉冲光脱毛（上臂）',NULL,NULL),(91,'OPT 极致完美脉冲光脱毛（下臂）','OPTjzwmmcgtm（xb）','脱毛',NULL,2600,2580,'次','1','OPT 极致完美脉冲光脱毛（下臂）',NULL,NULL),(92,'OPT 极致完美脉冲光脱毛（肚脐周及下方）','OPTjzwmmcgtm（dqzjxf）','脱毛',NULL,3000,2880,'次','1','OPT 极致完美脉冲光脱毛（肚脐周及下方）',NULL,NULL),(93,'OPT 极致完美脉冲光脱毛（手背及手指）','OPTjzwmmcgtm（sbjsz）','脱毛',NULL,600,580,'次','1','OPT 极致完美脉冲光脱毛（手背及手指）',NULL,NULL),(94,'OPT 极致完美脉冲光脱毛（全背）','OPTjzwmmcgtm（qb）','脱毛',NULL,5000,4880,'次','1','OPT 极致完美脉冲光脱毛（全背）',NULL,NULL),(95,'OPT 极致完美脉冲光脱毛（腰部）','OPTjzwmmcgtm（yb）','脱毛',NULL,3000,2880,'次','1','OPT 极致完美脉冲光脱毛（腰部）',NULL,NULL),(96,'OPT 极致完美脉冲光脱毛（比基尼全区）','OPTjzwmmcgtm（bjnqq）','脱毛',NULL,13000,12800,'次','1','OPT 极致完美脉冲光脱毛（比基尼全区）',NULL,NULL),(97,'OPT 极致完美脉冲光脱毛（臀部）','OPTjzwmmcgtm（tb）','脱毛',NULL,3000,2980,'次','1','OPT 极致完美脉冲光脱毛（臀部）',NULL,NULL),(98,'OPT 极致完美脉冲光脱毛（肛周）','OPTjzwmmcgtm（gz）','脱毛',NULL,5000,4980,'次','1','OPT 极致完美脉冲光脱毛（肛周）',NULL,NULL),(99,'OPT 极致完美脉冲光脱毛（大腿）','OPTjzwmmcgtm（dt）','脱毛',NULL,3000,2980,'次','1','OPT 极致完美脉冲光脱毛（大腿）',NULL,NULL),(100,'OPT 极致完美脉冲光脱毛（小腿）','OPTjzwmmcgtm（xt）','脱毛',NULL,3000,2980,'次','1','OPT 极致完美脉冲光脱毛（小腿）',NULL,NULL),(101,'OPT 极致完美脉冲光脱毛（脚背及脚趾）','OPTjzwmmcgtm（jbjjz）','脱毛',NULL,600,580,'次','1','OPT 极致完美脉冲光脱毛（脚背及脚趾）',NULL,NULL),(102,'半永久妆容定制（自然眉）','byjzrdz（zrm）','半永久',NULL,9000,8800,'次','1','半永久妆容定制（自然眉）',NULL,NULL),(103,'半永久妆容定制（雾状渐变眉）','byjzrdz（wzjbm）','半永久',NULL,10000,9800,'次','1','半永久妆容定制（雾状渐变眉）',NULL,NULL),(104,'半永久妆容定制（粉黛眉）','byjzrdz（f黛m）','半永久',NULL,11000,10800,'次','1','半永久妆容定制（粉黛眉）',NULL,NULL),(105,'半永久妆容定制（芭比美瞳线）','byjzrdz（bbmtx）','半永久',NULL,8000,7800,'次','1','半永久妆容定制（芭比美瞳线）',NULL,NULL),(106,'半永久妆容定制（婴儿粉唇）','byjzrdz（yefc）','半永久',NULL,14000,13800,'次','1','半永久妆容定制（婴儿粉唇）',NULL,NULL),(107,'半永久妆容定制（童颜发际线）','byjzrdz（tyfjx）','半永久',NULL,18000,17800,'次','1','半永久妆容定制（童颜发际线）',NULL,NULL),(108,'水光面部护理','sgmbhl','皮肤管理',NULL,8000,8000,'次','1','与明星同步的顶级水光护理配方（单次）',NULL,NULL),(109,'修甲砂条','xjst','产品外卖',NULL,28,28,'件','18*2*0.4cm','修甲砂条',NULL,NULL),(110,'海绵砂条','hmst','产品外卖',NULL,28,28,'件','18*3*1.2cm','海绵砂条',NULL,NULL),(111,'OPI抛光条','OPIpgt','产品外卖',NULL,28,28,'件','18*5*1cm','OPI抛光条',NULL,NULL),(112,'进口死皮剪','jkspj','产品外卖',NULL,158,158,'件','8817','进口死皮剪',NULL,NULL),(113,'豪华推棒','hhtb','产品外卖',NULL,158,158,'件','15*1cm','豪华推棒',NULL,NULL),(114,'金色777指甲剪','js777zjj','产品外卖',NULL,38,38,'件','9.5*1.5*1.2cm','金色777指甲剪',NULL,NULL),(115,'压瓶（空）','yp（k）','产品外卖',NULL,58,58,'件','200ml','压瓶（空）',NULL,NULL),(116,'压瓶式洗甲水（小）','ypsxjs（x）','产品外卖',NULL,58,58,'件','50ml','压瓶式洗甲水（小）',NULL,NULL),(117,'脚挫板','jcb','产品外卖',NULL,98,98,'件','26*6ml','脚挫板',NULL,NULL),(118,'钻石磨棒','zsmb','产品外卖',NULL,280,280,'件','1','钻石磨棒',NULL,NULL),(119,'UM私人美甲工具套盒','UMsrmjgjth','产品外卖',NULL,328,328,'套','6件','UM私人美甲工具套盒',NULL,NULL),(120,'OPI指缘营养笔','OPIzyyyb','产品外卖',NULL,180,180,'件','7.5ml','OPI指缘营养笔',NULL,NULL),(121,'OPI手霜','OPIss','产品外卖',NULL,48,48,'件','30ml','OPI手霜',NULL,NULL),(122,'CND迷你装植物精华指缘油','CNDmnzzwjhzyy','产品外卖',NULL,68,68,'件','3.7ml','CND迷你装植物精华指缘油',NULL,NULL),(123,'CND琥珀限量杏仁精华指缘油','CND琥珀xlxrjhzyy','产品外卖',NULL,248,248,'件','15ml','CND琥珀限量杏仁精华指缘油',NULL,NULL),(124,'洁沃护手霜','jwhss','产品外卖',NULL,280,280,'件','75ml','洁沃护手霜',NULL,NULL),(125,'LCN香体露','LCNxtl','产品外卖',NULL,298,298,'件','50ml','LCN香体露',NULL,NULL),(126,'LCN香体露','LCNxtl','产品外卖',NULL,980,980,'件','250ml','LCN香体露',NULL,NULL),(127,'LCN润手膜','LCNrsm','产品外卖',NULL,380,380,'件','50ml','LCN润手膜',NULL,NULL),(128,'LCN润手膜','LCNrsm','产品外卖',NULL,1080,1080,'件','250ml','LCN润手膜',NULL,NULL),(129,'水漾橄榄按摩油','sy橄榄amy','产品外卖',NULL,380,380,'件','100ml','水漾橄榄按摩油',NULL,NULL),(130,'LCN皮肤消毒喷雾','LCNpfxdpw','产品外卖',NULL,580,580,'件','250ml','LCN皮肤消毒喷雾',NULL,NULL),(131,'滋润防炎护肤膏','zrfyhfg','产品外卖',NULL,880,880,'件','50ml','滋润防炎护肤膏',NULL,NULL),(132,'+LCN软枕液','+LCNrzy','产品外卖',NULL,880,880,'件','50ml','+LCN软枕液',NULL,NULL),(133,'+欧丽脚搓板','+oljcb','产品外卖',NULL,880,880,'件','1','+欧丽脚搓板',NULL,NULL),(134,'100%橄榄美手霜','100%橄榄mss','产品外卖',NULL,298,298,'件','60g','100%橄榄美手霜',NULL,NULL),(135,'BCL精华乳','BCLjhr','产品外卖',NULL,468,468,'件','355ml','BCL精华乳',NULL,NULL),(136,'BCL精华乳','BCLjhr','产品外卖',NULL,180,180,'件','90ml','BCL精华乳',NULL,NULL),(137,'克除凝胶','kcnj','产品外卖',NULL,468,468,'件','355ml','克除凝胶',NULL,NULL),(138,'细砂脚搓板','xsjcb','产品外卖',NULL,148,148,'件','1','细砂脚搓板',NULL,NULL),(139,'克镍魔棒','knmb','产品外卖',NULL,180,180,'件','1','克镍魔棒',NULL,NULL),(140,'OPI牛油果特效滋润霜','OPInygtxzrs','产品外卖',NULL,148,148,'件','50ml','OPI牛油果特效滋润霜',NULL,NULL),(141,'阿米娅睫毛增长液','am娅jmzcy','产品外卖',NULL,680,680,'件','1','阿米娅睫毛增长液',NULL,NULL),(142,'100%橄榄超保湿精粹','100%橄榄cbsjc','产品外卖',NULL,398,398,'件','30ml','100%橄榄超保湿精粹',NULL,NULL),(143,'CND防皴裂青瓜特效滋润霜','CNDf皴lqgtxzrs','产品外卖',NULL,268,268,'件','75ml','CND防皴裂青瓜特效滋润霜',NULL,NULL),(144,'UM指缘软化露','UMzyrhl','产品外卖',NULL,98,98,'件','15ml','UM指缘软化露',NULL,NULL),(145,'OPI灰指甲真菌滴剂','OPIhzjzjdj','产品外卖',NULL,380,380,'件','30ml','OPI灰指甲真菌滴剂',NULL,NULL),(146,'100%橄榄清洁嫩肤凝胶','100%橄榄qjnfnj','产品外卖',NULL,598,598,'件','100ml','100%橄榄清洁嫩肤凝胶',NULL,NULL),(147,'OPI甲质指缘油','OPIjzzyy','产品外卖',NULL,280,280,'件','30ml','OPI甲质指缘油',NULL,NULL),(148,'OPI蛋白质底油','OPIdbzdy','产品外卖',NULL,280,280,'件','15ml','OPI蛋白质底油',NULL,NULL),(149,'OPI蛋白质底油','OPIdbzdy','产品外卖',NULL,68,68,'件','3.75ml','OPI蛋白质底油',NULL,NULL),(150,'LCN润手露','LCNrsl','产品外卖',NULL,298,298,'件','50ml','LCN润手露',NULL,NULL),(151,'LCN润手露','LCNrsl','产品外卖',NULL,980,980,'件','250ml','LCN润手露',NULL,NULL),(152,'LCN防皴润肤霜','LCNf皴rfs','产品外卖',NULL,380,380,'件','50ml','LCN防皴润肤霜',NULL,NULL),(153,'LCN防皴润肤霜','LCNf皴rfs','产品外卖',NULL,1080,1080,'件','250ml','LCN防皴润肤霜',NULL,NULL),(154,'水漾橄榄润手液','sy橄榄rsy','产品外卖',NULL,980,980,'件','250ml','水漾橄榄润手液',NULL,NULL),(155,'舒缓修复素（精华）单只','shxfs（jh）dz','产品外卖',NULL,158,158,'件','3ml','舒缓修复素（精华）单只',NULL,NULL),(156,'舒缓修复素（精华）整盒10支','shxfs（jh）zh10z','产品外卖',NULL,1380,1380,'套','30ml','舒缓修复素（精华）整盒10支',NULL,NULL),(157,'OPI大瓶手霜','OPIdpss','产品外卖',NULL,698,698,'件','600g','OPI大瓶手霜',NULL,NULL),(158,'美式咖啡','mskf','茶点',NULL,15,15,'份','1','美式咖啡',NULL,NULL),(159,'拿铁咖啡','ntkf','茶点',NULL,18,18,'份','1','拿铁咖啡',NULL,NULL),(160,'卡布基诺','kbjn','茶点',NULL,18,18,'份','1','卡布基诺',NULL,NULL),(161,'摩卡','mk','茶点',NULL,22,22,'份','1','摩卡',NULL,NULL),(162,'玫瑰拿铁','mgnt','茶点',NULL,22,22,'份','1','玫瑰拿铁',NULL,NULL),(163,'现熔热巧克力','xrrqkl','茶点',NULL,38,38,'份','1','现熔热巧克力',NULL,NULL),(164,'现熔棉花糖热巧克力','xrmhtrqkl','茶点',NULL,38,38,'份','1','现熔棉花糖热巧克力',NULL,NULL),(165,'现熔提拉米苏热巧克力','xrtlmsrqkl','茶点',NULL,38,38,'份','1','现熔提拉米苏热巧克力',NULL,NULL),(166,'热牛奶','rnn','茶点',NULL,15,15,'份','1','热牛奶',NULL,NULL),(167,'幸运的奥斯汀（芒果、苹果）','xydast（mg、pg）','茶点',NULL,28,28,'份','1','幸运的奥斯汀（芒果、苹果）',NULL,NULL),(168,'九月的安娜（雪梨、青瓜）','jydan（xl、qg）','茶点',NULL,28,28,'份','1','九月的安娜（雪梨、青瓜）',NULL,NULL),(169,'维他命狂欢（黄桃、菠萝、芒果、荔枝、橙子、优格）','wtmkh（ht、bl、mg、lz、cz、yg）','茶点',NULL,28,28,'份','1','维他命狂欢（黄桃、菠萝、芒果、荔枝、橙子、优格）',NULL,NULL),(170,'两只橙子','lzcz','茶点',NULL,28,28,'份','1','两只橙子',NULL,NULL),(171,'三颗苹果','skpg','茶点',NULL,28,28,'份','1','三颗苹果',NULL,NULL),(172,'《红色恋人》（伏特加、君度、青柠檬、蔓越莓、酒精度20%）','《hslr》（ftj、jd、qnm、my莓、jjd20%）','茶点',NULL,38,38,'份','1','《红色恋人》（伏特加、君度、青柠檬、蔓越莓、酒精度20%）',NULL,NULL),(173,'《德州巴黎》（伏特加、桃子利娇酒、蔓越莓、橙汁、酒精度20%）','《dzbl》（ftj、tjj、my莓、cz、jjd20%）','茶点',NULL,38,38,'份','1','《德州巴黎》（伏特加、桃子利娇酒、蔓越莓、橙汁、酒精度20%）',NULL,NULL),(174,'《钢琴别恋》（龙舌兰、橙、红石榴、酒精度10%）','《gqbl》（lsl、c、hsl、jjd10%）','茶点',NULL,38,38,'份','1','《钢琴别恋》（龙舌兰、橙、红石榴、酒精度10%）',NULL,NULL),(175,'长岛冰茶（朗姆酒、伏特加、龙舌兰、金酒、君度、酒精度30%）','cdbc（lmj、ftj、lsl、jj、jd、jjd30%）','茶点',NULL,38,38,'份','1','长岛冰茶（朗姆酒、伏特加、龙舌兰、金酒、君度、酒精度30%）',NULL,NULL),(176,'桑格利亚（西班牙国饮、西班牙全民挚爱）','sgly（xbygy、xbyqmza）','茶点',NULL,38,38,'份','1','桑格利亚（西班牙国饮、西班牙全民挚爱）',NULL,NULL),(177,'水果Pa~','sgPa~','茶点',NULL,38,38,'份','1','水果Pa~',NULL,NULL),(178,'巧克力香蕉先生','qklxjxs','茶点',NULL,38,38,'份','1','巧克力香蕉先生',NULL,NULL),(179,'草莓小姐','c莓xj','茶点',NULL,38,38,'份','1','草莓小姐',NULL,NULL),(180,'韩国原装进口蚕丝超轻自然睫毛','hgyzjkcscqzrjm','美睫',NULL,1580,1580,'次','1','韩国原装进口蚕丝超轻自然睫毛',NULL,NULL),(181,'韩国原装进口丝绸超轻自然睫毛','hgyzjksccqzrjm','美睫',NULL,1280,1280,'次','1','韩国原装进口丝绸超轻自然睫毛',NULL,NULL),(182,'韩国原装进口豪华貂毛睫毛','hgyzjkhh貂mjm','美睫',NULL,980,980,'次','1','韩国原装进口豪华貂毛睫毛',NULL,NULL),(183,'韩国原装进口超轻貂毛睫毛','hgyzjkcq貂mjm','美睫',NULL,680,680,'次','1','韩国原装进口超轻貂毛睫毛',NULL,NULL),(184,'镶嵌贴花 全贴','xqthqt','美甲',NULL,180,180,'双','1','镶嵌贴花 全贴',NULL,NULL),(185,'镶嵌贴花 半贴','xqthbt','美甲',NULL,380,380,'双','1','镶嵌贴花 半贴',NULL,NULL),(186,'Artistic Colour Gloss甲油胶（USA）手部','ArtisticColourGlossjyj（USA）sb','美甲',NULL,368,368,'次','1','Artistic Colour Gloss甲油胶（USA）手部',NULL,NULL),(187,'U+ 指皮滋养护理（手部）','U+zpzyhl（sb）','美甲',NULL,58,58,NULL,NULL,'U+指皮滋养护理 (手部)',NULL,NULL),(188,'U+ 指皮滋养护理（足部）','U+zpzyhl（zb）','美甲',NULL,78,78,NULL,NULL,'U+指皮滋养护理 (足部)',NULL,NULL),(189,'Artistic Colour Gloss甲油胶（USA）足部','ArtisticColourGlossjyj（USA）zb','美甲',NULL,398,398,NULL,NULL,'Artistic Colour Gloss甲油胶（USA）足部',NULL,NULL),(190,'康淳甲油胶（France）（手部）','kcjyj（France）（sb）','美甲',NULL,428,428,NULL,NULL,'康淳甲油胶（France）（手部）',NULL,NULL),(191,'康淳甲油胶（France）（足部）','kcjyj（France）（zb）','美甲',NULL,458,458,NULL,NULL,'康淳甲油胶（France）（足部）',NULL,NULL),(192,'浮动价格','fdjg','美甲',NULL,1,1,'元','1','浮动价格',NULL,NULL),(194,'眼贴','yt','产品外卖',NULL,28,28,NULL,NULL,'眼贴',NULL,NULL),(195,'腋下脱毛','yxtm','脱毛',NULL,2980,2980,'次','1','腋下脱毛',NULL,NULL);

/*Table structure for table `product_type` */

DROP TABLE IF EXISTS `product_type`;

CREATE TABLE `product_type` (
  `product_type_no` bigint(20) NOT NULL AUTO_INCREMENT COMMENT '产品类型号',
  `product_type_name` varchar(50) DEFAULT NULL COMMENT '产品类型名称',
  PRIMARY KEY (`product_type_no`)
) ENGINE=InnoDB AUTO_INCREMENT=17 DEFAULT CHARSET=utf8;

/*Data for the table `product_type` */

insert  into `product_type`(`product_type_no`,`product_type_name`) values (1,'美甲'),(2,'美睫'),(3,'美护'),(4,'彩妆'),(5,'脱毛'),(6,'半永久'),(7,'皮肤管理'),(8,'产品外卖'),(16,'茶点');

/*Table structure for table `shop` */

DROP TABLE IF EXISTS `shop`;

CREATE TABLE `shop` (
  `shop_id` bigint(20) NOT NULL AUTO_INCREMENT,
  `shop_name` varchar(50) DEFAULT NULL,
  `shop_addr` varchar(100) DEFAULT NULL,
  `shop_time` datetime DEFAULT CURRENT_TIMESTAMP,
  `shop_no` varchar(20) DEFAULT NULL COMMENT '编码',
  `shop_phone` varchar(11) DEFAULT NULL COMMENT '电话',
  `shop_phone2` varchar(11) DEFAULT NULL COMMENT '电话1',
  PRIMARY KEY (`shop_id`)
) ENGINE=InnoDB AUTO_INCREMENT=6 DEFAULT CHARSET=utf8;

/*Data for the table `shop` */

insert  into `shop`(`shop_id`,`shop_name`,`shop_addr`,`shop_time`,`shop_no`,`shop_phone`,`shop_phone2`) values (1,'德基一期旗舰店','南京德基广场一期6楼L620铺','2016-07-09 14:15:25','until0001','18761875897','18761875914'),(2,'德基二期精品店','南京德基广场二期负一楼C169铺','2016-07-09 14:16:16','until0002','18761875467','18761875903'),(3,'金陵风尚优享店','南京金陵饭店B1金陵风尚馆08铺','2016-07-09 16:22:57','until0003','18764534511','18761876512'),(4,'国际金融中心店','南京国际金融中心（IFC）负一层A8铺','2016-07-18 09:48:42',NULL,NULL,NULL),(5,'建业万达青春店','南京建邺万达2楼201铺','2016-07-18 09:49:07',NULL,NULL,NULL);

/*Table structure for table `shop_product` */

DROP TABLE IF EXISTS `shop_product`;

CREATE TABLE `shop_product` (
  `id` bigint(20) NOT NULL AUTO_INCREMENT COMMENT 'ID',
  `shop_pro_no` varchar(20) DEFAULT NULL COMMENT '门店产品编码 门店编码+”_”+产品编码',
  `shop_no` bigint(20) DEFAULT NULL COMMENT '门店编号',
  `product_no` bigint(20) DEFAULT NULL COMMENT '产品编号',
  `product_type1` varchar(10) DEFAULT NULL COMMENT '产品类型 基础服务项，护理疗程，外卖，套餐、其他',
  `product_price1` float DEFAULT NULL COMMENT '原价',
  `product_price2` float DEFAULT NULL COMMENT '现价',
  PRIMARY KEY (`id`)
) ENGINE=InnoDB AUTO_INCREMENT=811 DEFAULT CHARSET=utf8;

/*Data for the table `shop_product` */

insert  into `shop_product`(`id`,`shop_pro_no`,`shop_no`,`product_no`,`product_type1`,`product_price1`,`product_price2`) values (1,NULL,1,27,NULL,100,90),(2,NULL,2,27,NULL,100,90),(3,NULL,3,27,NULL,100,90),(4,NULL,1,28,NULL,300,280),(5,NULL,2,28,NULL,200,180),(9,NULL,1,30,NULL,100,90),(10,NULL,2,30,NULL,100,90),(11,NULL,3,30,NULL,100,90),(15,NULL,1,29,NULL,500,385),(16,NULL,2,29,NULL,500,360),(17,NULL,3,29,NULL,500,320),(18,NULL,1,31,NULL,60,48),(19,NULL,2,31,NULL,60,48),(20,NULL,3,31,NULL,60,48),(21,NULL,4,31,NULL,60,48),(22,NULL,5,31,NULL,60,48),(23,NULL,1,32,NULL,80,68),(24,NULL,2,32,NULL,80,68),(25,NULL,3,32,NULL,80,68),(26,NULL,4,32,NULL,80,68),(27,NULL,5,32,NULL,80,68),(28,NULL,1,33,NULL,120,98),(29,NULL,2,33,NULL,120,98),(30,NULL,3,33,NULL,120,98),(31,NULL,4,33,NULL,120,98),(32,NULL,5,33,NULL,120,98),(33,NULL,1,34,NULL,130,118),(34,NULL,2,34,NULL,130,118),(35,NULL,3,34,NULL,130,118),(36,NULL,4,34,NULL,130,118),(37,NULL,5,34,NULL,130,118),(38,NULL,1,35,NULL,220,198),(39,NULL,2,35,NULL,220,198),(40,NULL,3,35,NULL,220,198),(41,NULL,4,35,NULL,220,198),(42,NULL,5,35,NULL,220,198),(43,NULL,1,36,NULL,260,218),(44,NULL,2,36,NULL,260,218),(45,NULL,3,36,NULL,260,218),(46,NULL,4,36,NULL,260,218),(47,NULL,5,36,NULL,260,218),(68,NULL,1,41,NULL,70,58),(69,NULL,2,41,NULL,70,58),(70,NULL,3,41,NULL,70,58),(71,NULL,4,41,NULL,70,58),(72,NULL,5,41,NULL,70,58),(73,NULL,1,42,NULL,80,68),(74,NULL,2,42,NULL,80,68),(75,NULL,3,42,NULL,80,68),(76,NULL,4,42,NULL,80,68),(77,NULL,5,42,NULL,80,68),(78,NULL,1,43,NULL,110,98),(79,NULL,2,43,NULL,110,98),(80,NULL,3,43,NULL,110,98),(81,NULL,4,43,NULL,110,98),(82,NULL,5,43,NULL,110,98),(83,NULL,1,44,NULL,130,118),(84,NULL,2,44,NULL,130,118),(85,NULL,3,44,NULL,130,118),(86,NULL,4,44,NULL,130,118),(87,NULL,5,44,NULL,130,118),(93,NULL,1,45,NULL,120,100),(94,NULL,2,45,NULL,120,100),(95,NULL,3,45,NULL,120,100),(96,NULL,4,45,NULL,120,100),(97,NULL,5,45,NULL,120,100),(98,NULL,1,46,NULL,80,68),(99,NULL,2,46,NULL,80,68),(100,NULL,3,46,NULL,80,68),(101,NULL,4,46,NULL,80,68),(102,NULL,5,46,NULL,80,68),(103,NULL,1,47,NULL,120,98),(104,NULL,2,47,NULL,120,98),(105,NULL,3,47,NULL,120,98),(106,NULL,4,47,NULL,120,98),(107,NULL,5,47,NULL,120,98),(108,NULL,1,48,NULL,160,148),(109,NULL,2,48,NULL,160,148),(110,NULL,3,48,NULL,160,148),(111,NULL,4,48,NULL,160,148),(112,NULL,5,48,NULL,160,148),(113,NULL,1,49,NULL,180,168),(114,NULL,2,49,NULL,180,168),(115,NULL,3,49,NULL,180,168),(116,NULL,4,49,NULL,180,168),(117,NULL,5,49,NULL,180,168),(118,NULL,1,50,NULL,800,680),(119,NULL,2,50,NULL,800,680),(120,NULL,3,50,NULL,800,680),(121,NULL,4,50,NULL,800,680),(122,NULL,5,50,NULL,800,680),(123,NULL,1,51,NULL,800,680),(124,NULL,2,51,NULL,800,680),(125,NULL,3,51,NULL,800,680),(126,NULL,4,51,NULL,800,680),(127,NULL,5,51,NULL,800,680),(128,NULL,1,52,NULL,1000,880),(129,NULL,2,52,NULL,1000,880),(130,NULL,3,52,NULL,1000,880),(131,NULL,4,52,NULL,1000,880),(132,NULL,5,52,NULL,1000,880),(133,NULL,1,53,NULL,1200,1080),(134,NULL,2,53,NULL,1200,1080),(135,NULL,3,53,NULL,1200,1080),(136,NULL,4,53,NULL,1200,1080),(137,NULL,5,53,NULL,1200,1080),(138,NULL,1,54,NULL,1200,1080),(139,NULL,2,54,NULL,1200,1080),(140,NULL,3,54,NULL,1200,1080),(141,NULL,4,54,NULL,1200,1080),(142,NULL,5,54,NULL,1200,1080),(143,NULL,1,55,NULL,1500,1280),(144,NULL,2,55,NULL,1500,1280),(145,NULL,3,55,NULL,1500,1280),(146,NULL,4,55,NULL,1500,1280),(147,NULL,5,55,NULL,1500,1280),(158,NULL,1,58,NULL,1500,1280),(159,NULL,2,58,NULL,1500,1280),(160,NULL,3,58,NULL,1500,1280),(161,NULL,4,58,NULL,1500,1280),(162,NULL,5,58,NULL,1500,1280),(163,NULL,1,56,NULL,800,680),(164,NULL,2,56,NULL,800,680),(165,NULL,3,56,NULL,800,680),(166,NULL,4,56,NULL,800,680),(167,NULL,5,56,NULL,800,680),(168,NULL,1,57,NULL,1200,980),(169,NULL,2,57,NULL,1200,980),(170,NULL,3,57,NULL,1200,980),(171,NULL,4,57,NULL,1200,980),(172,NULL,5,57,NULL,1200,980),(173,NULL,1,59,NULL,1800,1580),(174,NULL,2,59,NULL,1800,1580),(175,NULL,3,59,NULL,1800,1580),(176,NULL,4,59,NULL,1800,1580),(177,NULL,5,59,NULL,1800,1580),(178,NULL,1,60,NULL,15,10),(179,NULL,2,60,NULL,15,10),(180,NULL,3,60,NULL,15,10),(181,NULL,4,60,NULL,15,10),(182,NULL,5,60,NULL,15,10),(183,NULL,1,61,NULL,15,10),(184,NULL,2,61,NULL,15,10),(185,NULL,3,61,NULL,15,10),(186,NULL,4,61,NULL,15,10),(187,NULL,5,61,NULL,15,10),(188,NULL,1,62,NULL,600,500),(189,NULL,2,62,NULL,600,500),(190,NULL,3,62,NULL,600,500),(191,NULL,4,62,NULL,600,500),(192,NULL,5,62,NULL,600,500),(193,NULL,1,63,NULL,800,550),(194,NULL,2,63,NULL,800,550),(195,NULL,3,63,NULL,800,550),(196,NULL,4,63,NULL,800,550),(197,NULL,5,63,NULL,800,550),(198,NULL,1,64,NULL,700,550),(199,NULL,2,64,NULL,700,550),(200,NULL,3,64,NULL,700,550),(201,NULL,4,64,NULL,700,550),(202,NULL,5,64,NULL,700,550),(203,NULL,1,65,NULL,750,580),(204,NULL,2,65,NULL,750,580),(205,NULL,3,65,NULL,750,580),(206,NULL,4,65,NULL,750,580),(207,NULL,5,65,NULL,750,580),(208,NULL,1,66,NULL,500,400),(209,NULL,2,66,NULL,500,400),(210,NULL,3,66,NULL,500,400),(211,NULL,4,66,NULL,500,400),(212,NULL,5,66,NULL,500,400),(213,NULL,1,67,NULL,500,420),(214,NULL,2,67,NULL,500,420),(215,NULL,3,67,NULL,500,420),(216,NULL,4,67,NULL,500,420),(217,NULL,5,67,NULL,500,420),(218,NULL,1,68,NULL,450,550),(219,NULL,2,68,NULL,450,550),(220,NULL,3,68,NULL,450,550),(221,NULL,4,68,NULL,450,550),(222,NULL,5,68,NULL,450,550),(223,NULL,1,69,NULL,350,450),(224,NULL,2,69,NULL,350,450),(225,NULL,3,69,NULL,350,450),(226,NULL,4,69,NULL,350,450),(227,NULL,5,69,NULL,350,450),(228,NULL,1,70,NULL,360,500),(229,NULL,2,70,NULL,360,500),(230,NULL,3,70,NULL,360,500),(231,NULL,4,70,NULL,360,500),(232,NULL,5,70,NULL,360,500),(233,NULL,1,71,NULL,300,280),(234,NULL,2,71,NULL,300,280),(235,NULL,3,71,NULL,300,280),(236,NULL,4,71,NULL,300,280),(237,NULL,5,71,NULL,300,280),(238,NULL,1,72,NULL,3500,3000),(239,NULL,2,72,NULL,3500,3000),(240,NULL,3,72,NULL,3500,3000),(241,NULL,4,72,NULL,3500,3000),(242,NULL,5,72,NULL,3500,3000),(243,NULL,1,73,NULL,12000,10000),(244,NULL,2,73,NULL,12000,10000),(245,NULL,3,73,NULL,12000,10000),(246,NULL,4,73,NULL,12000,10000),(247,NULL,5,73,NULL,12000,10000),(248,NULL,1,74,NULL,400,380),(249,NULL,2,74,NULL,400,380),(250,NULL,3,74,NULL,400,380),(251,NULL,4,74,NULL,400,380),(252,NULL,5,74,NULL,400,380),(253,NULL,1,75,NULL,4000,3800),(254,NULL,2,75,NULL,4000,3800),(255,NULL,3,75,NULL,4000,3800),(256,NULL,4,75,NULL,4000,3800),(257,NULL,5,75,NULL,4000,3800),(258,NULL,1,76,NULL,15000,12800),(259,NULL,2,76,NULL,15000,12800),(260,NULL,3,76,NULL,15000,12800),(261,NULL,4,76,NULL,15000,12800),(262,NULL,5,76,NULL,15000,12800),(263,NULL,1,77,NULL,700,580),(264,NULL,2,77,NULL,700,580),(265,NULL,3,77,NULL,700,580),(266,NULL,4,77,NULL,700,580),(267,NULL,5,77,NULL,700,580),(268,NULL,1,78,NULL,6000,4800),(269,NULL,2,78,NULL,6000,4800),(270,NULL,3,78,NULL,6000,4800),(271,NULL,4,78,NULL,6000,4800),(272,NULL,5,78,NULL,6000,4800),(273,NULL,1,79,NULL,16000,13800),(274,NULL,2,79,NULL,16000,13800),(275,NULL,3,79,NULL,16000,13800),(276,NULL,4,79,NULL,16000,13800),(277,NULL,5,79,NULL,16000,13800),(293,NULL,1,83,NULL,6000,5880),(294,NULL,2,83,NULL,6000,5880),(295,NULL,3,83,NULL,6000,5880),(296,NULL,4,83,NULL,6000,5880),(297,NULL,5,83,NULL,6000,5880),(298,NULL,1,84,NULL,4000,3880),(299,NULL,2,84,NULL,4000,3880),(300,NULL,3,84,NULL,4000,3880),(301,NULL,4,84,NULL,4000,3880),(302,NULL,5,84,NULL,4000,3880),(303,NULL,1,85,NULL,4000,3880),(304,NULL,2,85,NULL,4000,3880),(305,NULL,3,85,NULL,4000,3880),(306,NULL,4,85,NULL,4000,3880),(307,NULL,5,85,NULL,4000,3880),(308,NULL,1,86,NULL,2000,1980),(309,NULL,2,86,NULL,2000,1980),(310,NULL,3,86,NULL,2000,1980),(311,NULL,4,86,NULL,2000,1980),(312,NULL,5,86,NULL,2000,1980),(313,NULL,1,87,NULL,2000,1980),(314,NULL,2,87,NULL,2000,1980),(315,NULL,3,87,NULL,2000,1980),(316,NULL,4,87,NULL,2000,1980),(317,NULL,5,87,NULL,2000,1980),(328,NULL,1,89,NULL,3000,2980),(329,NULL,2,89,NULL,3000,2980),(330,NULL,3,89,NULL,3000,2980),(331,NULL,4,89,NULL,3000,2980),(332,NULL,5,89,NULL,3000,2980),(333,NULL,1,90,NULL,2600,2580),(334,NULL,2,90,NULL,2600,2580),(335,NULL,3,90,NULL,2600,2580),(336,NULL,4,90,NULL,2600,2580),(337,NULL,5,90,NULL,2600,2580),(338,NULL,1,91,NULL,2600,2580),(339,NULL,2,91,NULL,2600,2580),(340,NULL,3,91,NULL,2600,2580),(341,NULL,4,91,NULL,2600,2580),(342,NULL,5,91,NULL,2600,2580),(343,NULL,1,92,NULL,3000,2880),(344,NULL,2,92,NULL,3000,2880),(345,NULL,3,92,NULL,3000,2880),(346,NULL,4,92,NULL,3000,2880),(347,NULL,5,92,NULL,3000,2880),(348,NULL,1,93,NULL,600,580),(349,NULL,2,93,NULL,600,580),(350,NULL,3,93,NULL,600,580),(351,NULL,4,93,NULL,600,580),(352,NULL,5,93,NULL,600,580),(353,NULL,1,94,NULL,5000,4880),(354,NULL,2,94,NULL,5000,4880),(355,NULL,3,94,NULL,5000,4880),(356,NULL,4,94,NULL,5000,4880),(357,NULL,5,94,NULL,5000,4880),(358,NULL,1,95,NULL,3000,2880),(359,NULL,2,95,NULL,3000,2880),(360,NULL,3,95,NULL,3000,2880),(361,NULL,4,95,NULL,3000,2880),(362,NULL,5,95,NULL,3000,2880),(363,NULL,1,96,NULL,13000,12800),(364,NULL,2,96,NULL,13000,12800),(365,NULL,3,96,NULL,13000,12800),(366,NULL,4,96,NULL,13000,12800),(367,NULL,5,96,NULL,13000,12800),(368,NULL,1,97,NULL,3000,2980),(369,NULL,2,97,NULL,3000,2980),(370,NULL,3,97,NULL,3000,2980),(371,NULL,4,97,NULL,3000,2980),(372,NULL,5,97,NULL,3000,2980),(373,NULL,1,98,NULL,5000,4980),(374,NULL,2,98,NULL,5000,4980),(375,NULL,3,98,NULL,5000,4980),(376,NULL,4,98,NULL,5000,4980),(377,NULL,5,98,NULL,5000,4980),(378,NULL,1,99,NULL,3000,2980),(379,NULL,2,99,NULL,3000,2980),(380,NULL,3,99,NULL,3000,2980),(381,NULL,4,99,NULL,3000,2980),(382,NULL,5,99,NULL,3000,2980),(383,NULL,1,100,NULL,3000,2980),(384,NULL,2,100,NULL,3000,2980),(385,NULL,3,100,NULL,3000,2980),(386,NULL,4,100,NULL,3000,2980),(387,NULL,5,100,NULL,3000,2980),(388,NULL,1,101,NULL,600,580),(389,NULL,2,101,NULL,600,580),(390,NULL,3,101,NULL,600,580),(391,NULL,4,101,NULL,600,580),(392,NULL,5,101,NULL,600,580),(393,NULL,1,102,NULL,9000,8800),(394,NULL,2,102,NULL,9000,8800),(395,NULL,3,102,NULL,9000,8800),(396,NULL,4,102,NULL,9000,8800),(397,NULL,5,102,NULL,9000,8800),(398,NULL,1,103,NULL,10000,9800),(399,NULL,2,103,NULL,10000,9800),(400,NULL,3,103,NULL,10000,9800),(401,NULL,4,103,NULL,10000,9800),(402,NULL,5,103,NULL,10000,9800),(403,NULL,1,104,NULL,11000,10800),(404,NULL,2,104,NULL,11000,10800),(405,NULL,3,104,NULL,11000,10800),(406,NULL,4,104,NULL,11000,10800),(407,NULL,5,104,NULL,11000,10800),(408,NULL,1,105,NULL,8000,7800),(409,NULL,2,105,NULL,8000,7800),(410,NULL,3,105,NULL,8000,7800),(411,NULL,4,105,NULL,8000,7800),(412,NULL,5,105,NULL,8000,7800),(413,NULL,1,106,NULL,14000,13800),(414,NULL,2,106,NULL,14000,13800),(415,NULL,3,106,NULL,14000,13800),(416,NULL,4,106,NULL,14000,13800),(417,NULL,5,106,NULL,14000,13800),(418,NULL,1,107,NULL,18000,17800),(419,NULL,2,107,NULL,18000,17800),(420,NULL,3,107,NULL,18000,17800),(421,NULL,4,107,NULL,18000,17800),(422,NULL,5,107,NULL,18000,17800),(423,NULL,1,80,NULL,2800,2680),(424,NULL,2,80,NULL,2800,2680),(425,NULL,3,80,NULL,2800,2680),(426,NULL,4,80,NULL,2800,2680),(427,NULL,5,80,NULL,2800,2680),(428,NULL,1,81,NULL,10800,9800),(429,NULL,2,81,NULL,10800,9800),(430,NULL,3,81,NULL,10800,9800),(431,NULL,4,81,NULL,10800,9800),(432,NULL,5,81,NULL,10800,9800),(433,NULL,1,82,NULL,20800,18800),(434,NULL,2,82,NULL,20800,18800),(435,NULL,3,82,NULL,20800,18800),(436,NULL,4,82,NULL,20800,18800),(437,NULL,5,82,NULL,20800,18800),(438,NULL,1,108,NULL,8000,8000),(439,NULL,2,108,NULL,8000,8000),(440,NULL,3,108,NULL,8000,8000),(441,NULL,4,108,NULL,8000,8000),(442,NULL,5,108,NULL,8000,8000),(443,NULL,1,109,NULL,28,28),(444,NULL,2,109,NULL,28,28),(445,NULL,3,109,NULL,28,28),(446,NULL,4,109,NULL,28,28),(447,NULL,5,109,NULL,28,28),(448,NULL,1,110,NULL,28,28),(449,NULL,2,110,NULL,28,28),(450,NULL,3,110,NULL,28,28),(451,NULL,4,110,NULL,28,28),(452,NULL,5,110,NULL,28,28),(453,NULL,1,111,NULL,28,28),(454,NULL,2,111,NULL,28,28),(455,NULL,3,111,NULL,28,28),(456,NULL,4,111,NULL,28,28),(457,NULL,5,111,NULL,28,28),(458,NULL,1,112,NULL,158,158),(459,NULL,2,112,NULL,158,158),(460,NULL,3,112,NULL,158,158),(461,NULL,4,112,NULL,158,158),(462,NULL,5,112,NULL,158,158),(463,NULL,1,113,NULL,158,158),(464,NULL,2,113,NULL,158,158),(465,NULL,3,113,NULL,158,158),(466,NULL,4,113,NULL,158,158),(467,NULL,5,113,NULL,158,158),(468,NULL,1,114,NULL,38,38),(469,NULL,2,114,NULL,38,38),(470,NULL,3,114,NULL,38,38),(471,NULL,4,114,NULL,38,38),(472,NULL,5,114,NULL,38,38),(473,NULL,1,115,NULL,58,58),(474,NULL,2,115,NULL,58,58),(475,NULL,3,115,NULL,58,58),(476,NULL,4,115,NULL,58,58),(477,NULL,5,115,NULL,58,58),(478,NULL,1,116,NULL,58,58),(479,NULL,2,116,NULL,58,58),(480,NULL,3,116,NULL,58,58),(481,NULL,4,116,NULL,58,58),(482,NULL,5,116,NULL,58,58),(483,NULL,1,117,NULL,98,98),(484,NULL,2,117,NULL,98,98),(485,NULL,3,117,NULL,98,98),(486,NULL,4,117,NULL,98,98),(487,NULL,5,117,NULL,98,98),(488,NULL,1,118,NULL,280,280),(489,NULL,2,118,NULL,280,280),(490,NULL,3,118,NULL,280,280),(491,NULL,4,118,NULL,280,280),(492,NULL,5,118,NULL,280,280),(493,NULL,1,119,NULL,328,328),(494,NULL,2,119,NULL,328,328),(495,NULL,3,119,NULL,328,328),(496,NULL,4,119,NULL,328,328),(497,NULL,5,119,NULL,328,328),(498,NULL,1,120,NULL,180,180),(499,NULL,2,120,NULL,180,180),(500,NULL,3,120,NULL,180,180),(501,NULL,4,120,NULL,180,180),(502,NULL,5,120,NULL,180,180),(503,NULL,1,121,NULL,48,48),(504,NULL,2,121,NULL,48,48),(505,NULL,3,121,NULL,48,48),(506,NULL,4,121,NULL,48,48),(507,NULL,5,121,NULL,48,48),(508,NULL,1,122,NULL,68,68),(509,NULL,2,122,NULL,68,68),(510,NULL,3,122,NULL,68,68),(511,NULL,4,122,NULL,68,68),(512,NULL,5,122,NULL,68,68),(513,NULL,1,123,NULL,248,248),(514,NULL,2,123,NULL,248,248),(515,NULL,3,123,NULL,248,248),(516,NULL,4,123,NULL,248,248),(517,NULL,5,123,NULL,248,248),(518,NULL,1,124,NULL,280,280),(519,NULL,2,124,NULL,280,280),(520,NULL,3,124,NULL,280,280),(521,NULL,4,124,NULL,280,280),(522,NULL,5,124,NULL,280,280),(523,NULL,1,125,NULL,298,298),(524,NULL,2,125,NULL,298,298),(525,NULL,3,125,NULL,298,298),(526,NULL,4,125,NULL,298,298),(527,NULL,5,125,NULL,298,298),(528,NULL,1,126,NULL,980,980),(529,NULL,2,126,NULL,980,980),(530,NULL,3,126,NULL,980,980),(531,NULL,4,126,NULL,980,980),(532,NULL,5,126,NULL,980,980),(533,NULL,1,127,NULL,380,380),(534,NULL,2,127,NULL,380,380),(535,NULL,3,127,NULL,380,380),(536,NULL,4,127,NULL,380,380),(537,NULL,5,127,NULL,380,380),(538,NULL,1,128,NULL,1080,1080),(539,NULL,2,128,NULL,1080,1080),(540,NULL,3,128,NULL,1080,1080),(541,NULL,4,128,NULL,1080,1080),(542,NULL,5,128,NULL,1080,1080),(543,NULL,1,129,NULL,380,380),(544,NULL,2,129,NULL,380,380),(545,NULL,3,129,NULL,380,380),(546,NULL,4,129,NULL,380,380),(547,NULL,5,129,NULL,380,380),(548,NULL,1,130,NULL,580,580),(549,NULL,2,130,NULL,580,580),(550,NULL,3,130,NULL,580,580),(551,NULL,4,130,NULL,580,580),(552,NULL,5,130,NULL,580,580),(553,NULL,1,131,NULL,880,880),(554,NULL,2,131,NULL,880,880),(555,NULL,3,131,NULL,880,880),(556,NULL,4,131,NULL,880,880),(557,NULL,5,131,NULL,880,880),(558,NULL,1,132,NULL,880,880),(559,NULL,2,132,NULL,880,880),(560,NULL,3,132,NULL,880,880),(561,NULL,4,132,NULL,880,880),(562,NULL,5,132,NULL,880,880),(563,NULL,1,133,NULL,880,880),(564,NULL,2,133,NULL,880,880),(565,NULL,3,133,NULL,880,880),(566,NULL,4,133,NULL,880,880),(567,NULL,5,133,NULL,880,880),(568,NULL,1,134,NULL,298,298),(569,NULL,2,134,NULL,298,298),(570,NULL,3,134,NULL,298,298),(571,NULL,4,134,NULL,298,298),(572,NULL,5,134,NULL,298,298),(573,NULL,1,135,NULL,468,468),(574,NULL,2,135,NULL,468,468),(575,NULL,3,135,NULL,468,468),(576,NULL,4,135,NULL,468,468),(577,NULL,5,135,NULL,468,468),(578,NULL,1,136,NULL,180,180),(579,NULL,2,136,NULL,180,180),(580,NULL,3,136,NULL,180,180),(581,NULL,4,136,NULL,180,180),(582,NULL,5,136,NULL,180,180),(583,NULL,1,137,NULL,468,468),(584,NULL,2,137,NULL,468,468),(585,NULL,3,137,NULL,468,468),(586,NULL,4,137,NULL,468,468),(587,NULL,5,137,NULL,468,468),(588,NULL,1,138,NULL,148,148),(589,NULL,2,138,NULL,148,148),(590,NULL,3,138,NULL,148,148),(591,NULL,4,138,NULL,148,148),(592,NULL,5,138,NULL,148,148),(593,NULL,1,139,NULL,180,180),(594,NULL,2,139,NULL,180,180),(595,NULL,3,139,NULL,180,180),(596,NULL,4,139,NULL,180,180),(597,NULL,5,139,NULL,180,180),(598,NULL,1,140,NULL,148,148),(599,NULL,2,140,NULL,148,148),(600,NULL,3,140,NULL,148,148),(601,NULL,4,140,NULL,148,148),(602,NULL,5,140,NULL,148,148),(603,NULL,1,141,NULL,680,680),(604,NULL,2,141,NULL,680,680),(605,NULL,3,141,NULL,680,680),(606,NULL,4,141,NULL,680,680),(607,NULL,5,141,NULL,680,680),(608,NULL,1,142,NULL,398,398),(609,NULL,2,142,NULL,398,398),(610,NULL,3,142,NULL,398,398),(611,NULL,4,142,NULL,398,398),(612,NULL,5,142,NULL,398,398),(613,NULL,1,143,NULL,268,268),(614,NULL,2,143,NULL,268,268),(615,NULL,3,143,NULL,268,268),(616,NULL,4,143,NULL,268,268),(617,NULL,5,143,NULL,268,268),(618,NULL,1,144,NULL,98,98),(619,NULL,2,144,NULL,98,98),(620,NULL,3,144,NULL,98,98),(621,NULL,4,144,NULL,98,98),(622,NULL,5,144,NULL,98,98),(623,NULL,1,145,NULL,380,380),(624,NULL,2,145,NULL,380,380),(625,NULL,3,145,NULL,380,380),(626,NULL,4,145,NULL,380,380),(627,NULL,5,145,NULL,380,380),(628,NULL,1,146,NULL,598,598),(629,NULL,2,146,NULL,598,598),(630,NULL,3,146,NULL,598,598),(631,NULL,4,146,NULL,598,598),(632,NULL,5,146,NULL,598,598),(633,NULL,1,147,NULL,280,280),(634,NULL,2,147,NULL,280,280),(635,NULL,3,147,NULL,280,280),(636,NULL,4,147,NULL,280,280),(637,NULL,5,147,NULL,280,280),(638,NULL,1,148,NULL,280,280),(639,NULL,2,148,NULL,280,280),(640,NULL,3,148,NULL,280,280),(641,NULL,4,148,NULL,280,280),(642,NULL,5,148,NULL,280,280),(643,NULL,1,149,NULL,68,68),(644,NULL,2,149,NULL,68,68),(645,NULL,3,149,NULL,68,68),(646,NULL,4,149,NULL,68,68),(647,NULL,5,149,NULL,68,68),(648,NULL,1,150,NULL,298,298),(649,NULL,2,150,NULL,298,298),(650,NULL,3,150,NULL,298,298),(651,NULL,4,150,NULL,298,298),(652,NULL,5,150,NULL,298,298),(653,NULL,1,151,NULL,980,980),(654,NULL,2,151,NULL,980,980),(655,NULL,3,151,NULL,980,980),(656,NULL,4,151,NULL,980,980),(657,NULL,5,151,NULL,980,980),(658,NULL,1,152,NULL,380,380),(659,NULL,2,152,NULL,380,380),(660,NULL,3,152,NULL,380,380),(661,NULL,4,152,NULL,380,380),(662,NULL,5,152,NULL,380,380),(663,NULL,1,153,NULL,1080,1080),(664,NULL,2,153,NULL,1080,1080),(665,NULL,3,153,NULL,1080,1080),(666,NULL,4,153,NULL,1080,1080),(667,NULL,5,153,NULL,1080,1080),(668,NULL,1,154,NULL,980,980),(669,NULL,2,154,NULL,980,980),(670,NULL,3,154,NULL,980,980),(671,NULL,4,154,NULL,980,980),(672,NULL,5,154,NULL,980,980),(673,NULL,1,155,NULL,158,158),(674,NULL,2,155,NULL,158,158),(675,NULL,3,155,NULL,158,158),(676,NULL,4,155,NULL,158,158),(677,NULL,5,155,NULL,158,158),(678,NULL,1,156,NULL,1380,1380),(679,NULL,2,156,NULL,1380,1380),(680,NULL,3,156,NULL,1380,1380),(681,NULL,4,156,NULL,1380,1380),(682,NULL,5,156,NULL,1380,1380),(683,NULL,1,157,NULL,698,698),(684,NULL,2,157,NULL,698,698),(685,NULL,3,157,NULL,698,698),(686,NULL,4,157,NULL,698,698),(687,NULL,5,157,NULL,698,698),(688,NULL,3,158,NULL,15,15),(689,NULL,3,159,NULL,18,18),(690,NULL,3,160,NULL,18,18),(691,NULL,1,161,NULL,22,22),(692,NULL,2,161,NULL,22,22),(693,NULL,3,161,NULL,22,22),(694,NULL,4,161,NULL,22,22),(695,NULL,5,161,NULL,22,22),(696,NULL,3,162,NULL,22,22),(697,NULL,1,163,NULL,38,38),(698,NULL,2,163,NULL,38,38),(699,NULL,3,163,NULL,38,38),(700,NULL,4,163,NULL,38,38),(701,NULL,5,163,NULL,38,38),(703,NULL,3,165,NULL,38,38),(704,NULL,1,166,NULL,15,15),(705,NULL,2,166,NULL,15,15),(706,NULL,3,166,NULL,15,15),(707,NULL,4,166,NULL,15,15),(708,NULL,5,166,NULL,15,15),(709,NULL,3,167,NULL,28,28),(710,NULL,3,168,NULL,28,28),(711,NULL,3,169,NULL,28,28),(712,NULL,3,170,NULL,28,28),(718,NULL,1,172,NULL,38,38),(719,NULL,2,172,NULL,38,38),(720,NULL,3,172,NULL,38,38),(721,NULL,4,172,NULL,38,38),(722,NULL,5,172,NULL,38,38),(724,NULL,3,174,NULL,38,38),(725,NULL,3,175,NULL,38,38),(726,NULL,3,176,NULL,38,38),(727,NULL,3,177,NULL,38,38),(728,NULL,3,178,NULL,38,38),(729,NULL,3,179,NULL,38,38),(730,NULL,1,180,NULL,1580,1580),(731,NULL,2,180,NULL,1580,1580),(732,NULL,3,180,NULL,1580,1580),(733,NULL,4,180,NULL,1580,1580),(734,NULL,5,180,NULL,1580,1580),(735,NULL,1,181,NULL,1280,1280),(736,NULL,2,181,NULL,1280,1280),(737,NULL,3,181,NULL,1280,1280),(738,NULL,4,181,NULL,1280,1280),(739,NULL,5,181,NULL,1280,1280),(740,NULL,1,182,NULL,980,980),(741,NULL,2,182,NULL,980,980),(742,NULL,3,182,NULL,980,980),(743,NULL,4,182,NULL,980,980),(744,NULL,5,182,NULL,980,980),(745,NULL,1,183,NULL,680,680),(746,NULL,2,183,NULL,680,680),(747,NULL,3,183,NULL,680,680),(748,NULL,4,183,NULL,680,680),(749,NULL,5,183,NULL,680,680),(750,NULL,1,184,NULL,180,180),(751,NULL,2,184,NULL,180,180),(752,NULL,3,184,NULL,180,180),(753,NULL,4,184,NULL,180,180),(754,NULL,5,184,NULL,180,180),(755,NULL,1,185,NULL,380,380),(756,NULL,2,185,NULL,380,380),(757,NULL,3,185,NULL,380,380),(758,NULL,4,185,NULL,380,380),(759,NULL,5,185,NULL,380,380),(760,NULL,3,186,NULL,368,368),(761,NULL,5,187,NULL,58,58),(762,NULL,5,188,NULL,78,78),(763,NULL,3,189,NULL,398,398),(764,NULL,3,190,NULL,428,428),(765,NULL,3,191,NULL,458,458),(766,NULL,3,192,NULL,50,50),(767,NULL,3,193,NULL,50,50),(779,NULL,1,88,NULL,4000,3980),(780,NULL,2,88,NULL,4000,3980),(781,NULL,3,88,NULL,4000,2980),(782,NULL,4,88,NULL,4000,3980),(783,NULL,5,88,NULL,4000,3980),(784,NULL,3,195,NULL,2980,2980),(785,NULL,1,37,NULL,400,380),(786,NULL,2,37,NULL,400,380),(787,NULL,3,37,NULL,400,380),(788,NULL,4,37,NULL,400,380),(789,NULL,5,37,NULL,400,380),(790,NULL,1,38,NULL,460,420),(791,NULL,2,38,NULL,460,420),(792,NULL,3,38,NULL,460,420),(793,NULL,4,38,NULL,460,420),(794,NULL,5,38,NULL,460,420),(795,NULL,1,39,NULL,600,580),(796,NULL,2,39,NULL,600,580),(797,NULL,3,39,NULL,600,458),(798,NULL,4,39,NULL,600,580),(799,NULL,5,39,NULL,600,580),(800,NULL,1,40,NULL,650,620),(801,NULL,2,40,NULL,650,620),(802,NULL,3,40,NULL,650,498),(803,NULL,4,40,NULL,650,620),(804,NULL,5,40,NULL,650,620),(805,NULL,1,196,NULL,100,100),(806,NULL,2,196,NULL,100,120),(807,NULL,3,196,NULL,100,100),(808,NULL,4,196,NULL,100,100),(809,NULL,5,196,NULL,100,100),(810,NULL,3,194,NULL,28,28);

/*Table structure for table `staff` */

DROP TABLE IF EXISTS `staff`;

CREATE TABLE `staff` (
  `staff_id` bigint(20) NOT NULL AUTO_INCREMENT COMMENT 'ID号',
  `staff_no` varchar(20) DEFAULT NULL COMMENT '员工号',
  `staff_name` varchar(20) DEFAULT NULL COMMENT '员工姓名',
  `staff_age` int(5) DEFAULT NULL COMMENT '员工年龄',
  `staff_phone` varchar(11) DEFAULT NULL COMMENT '员工手机号',
  `staff_shop` bigint(20) DEFAULT NULL COMMENT '员工所属店号',
  `staff_entrytime` datetime DEFAULT NULL COMMENT '员工入职时间',
  `staff_state` int(1) DEFAULT '0' COMMENT '员工状态（0为正常，1为异常）',
  PRIMARY KEY (`staff_id`)
) ENGINE=InnoDB AUTO_INCREMENT=22 DEFAULT CHARSET=utf8;

/*Data for the table `staff` */

insert  into `staff`(`staff_id`,`staff_no`,`staff_name`,`staff_age`,`staff_phone`,`staff_shop`,`staff_entrytime`,`staff_state`) values (1,'1000','包总',0,NULL,3,'2016-08-16 16:10:50',0),(2,'1001','Summer',0,NULL,3,'2016-08-16 16:08:05',0),(3,'1002','Annie',0,NULL,3,'2016-08-16 15:50:47',0),(4,'1003','Lisa',0,NULL,3,'2016-08-16 15:51:09',0),(5,'1004','Wendy',0,NULL,3,'2016-08-11 19:34:33',0),(6,'1005','Linda',0,NULL,3,'2016-08-11 19:34:33',0),(7,'1006','Hallen',0,NULL,3,'2016-08-16 16:07:45',0),(8,'1007','Ada',0,NULL,3,'2016-08-11 19:34:33',0),(9,'1008','Jenny',0,NULL,3,'2016-08-11 19:34:33',0),(10,'1009','Smile',0,NULL,3,'2016-08-11 19:34:33',0),(11,'1010','Bella',0,NULL,3,'2016-08-11 19:34:33',0),(12,'1011','Betty',0,NULL,3,'2016-08-11 19:34:33',0),(13,'1012','Seliua',0,NULL,3,'2016-08-11 19:34:33',0),(14,'1014','Alex',0,NULL,3,'2016-08-11 19:34:33',0),(15,'1015','姗姗',0,NULL,3,'2016-08-11 19:34:33',0),(16,'1016','Tiua',0,NULL,3,'2016-08-11 19:34:33',0),(17,'1017','Coco',0,NULL,3,'2016-08-11 19:34:33',0),(18,'1018','Joy',0,NULL,3,'2016-08-11 19:34:33',0),(19,'1019','Envy',0,NULL,3,'2016-08-11 19:34:33',0),(20,'1020','Lily',0,NULL,3,'2016-08-11 19:34:33',0),(21,'1021','周洋',0,NULL,3,'2016-08-11 19:34:33',0);

/*Table structure for table `tb_menu` */

DROP TABLE IF EXISTS `tb_menu`;

CREATE TABLE `tb_menu` (
  `menu_id` bigint(20) NOT NULL AUTO_INCREMENT COMMENT '菜单编码',
  `menu_name` varchar(60) DEFAULT NULL COMMENT '菜单名称',
  `menu_type` varchar(10) DEFAULT NULL COMMENT '菜单类型（标题、内部链接、外部链接、命令）',
  `menu_pid` bigint(10) DEFAULT NULL COMMENT '父类编码',
  `menu_content` varchar(100) DEFAULT NULL COMMENT '菜单内容（链接）',
  `menu_attr` varchar(200) DEFAULT NULL COMMENT '爱单属性（预留）',
  `menu_status` varchar(32) DEFAULT NULL COMMENT '状态',
  `menu_sort` int(5) DEFAULT NULL COMMENT '排序',
  PRIMARY KEY (`menu_id`),
  UNIQUE KEY `UNIQUE` (`menu_id`)
) ENGINE=InnoDB AUTO_INCREMENT=81 DEFAULT CHARSET=utf8;

/*Data for the table `tb_menu` */

insert  into `tb_menu`(`menu_id`,`menu_name`,`menu_type`,`menu_pid`,`menu_content`,`menu_attr`,`menu_status`,`menu_sort`) values (65,'门店运行','模块',0,'#','icon-home',NULL,1),(66,'预约查询','功能',65,NULL,NULL,'shop.arrange',2),(67,'客户结算','功能',65,NULL,NULL,'shop.deal',4),(68,'门店维护','功能',65,NULL,NULL,'shop.shopmanage',5),(69,'员工维护','功能',65,NULL,NULL,'shop.staffmanage',6),(71,'卡片销售','功能',65,NULL,NULL,'shop.salecard',3),(72,'产品管理','模块',0,'#','icon-list',NULL,7),(73,'产品维护','功能',72,NULL,NULL,'product.crud',8),(74,'卡券维护','功能',72,NULL,NULL,'product.card',9),(75,'客户管理','模块',0,'#','icon-user-following',NULL,10),(76,'客户管理','功能',75,NULL,NULL,'cus.customer',11),(77,'客户查询','功能',75,NULL,NULL,'cus.cuslist',12),(78,'系统设置','模块',0,'#','icon-wrench',NULL,13),(79,'用户管理','功能',78,NULL,NULL,'system.usermanage',14),(80,'今日运营','功能',65,NULL,NULL,'shop.daily',1);

/*Table structure for table `tb_role` */

DROP TABLE IF EXISTS `tb_role`;

CREATE TABLE `tb_role` (
  `role_id` bigint(20) NOT NULL AUTO_INCREMENT COMMENT '角色编码',
  `role_name` varchar(30) DEFAULT NULL COMMENT '角色名称',
  `role_index` varchar(300) DEFAULT NULL COMMENT '角色首页',
  PRIMARY KEY (`role_id`),
  KEY `role_id` (`role_id`)
) ENGINE=InnoDB AUTO_INCREMENT=7 DEFAULT CHARSET=utf8;

/*Data for the table `tb_role` */

insert  into `tb_role`(`role_id`,`role_name`,`role_index`) values (4,'系统管理员','shop.deal'),(5,'门店店长','shop.deal'),(6,'普通店员','shop.deal');

/*Table structure for table `tb_role_menu` */

DROP TABLE IF EXISTS `tb_role_menu`;

CREATE TABLE `tb_role_menu` (
  `role_menu_id` bigint(20) NOT NULL AUTO_INCREMENT,
  `role_id` bigint(20) DEFAULT NULL COMMENT '角色编码',
  `menu_id` bigint(20) DEFAULT NULL COMMENT '菜单编码',
  PRIMARY KEY (`role_menu_id`),
  KEY `fkroleid` (`role_id`),
  KEY `fkmenuid` (`menu_id`),
  CONSTRAINT `fkmenuid` FOREIGN KEY (`menu_id`) REFERENCES `tb_menu` (`menu_id`),
  CONSTRAINT `fkroleid` FOREIGN KEY (`role_id`) REFERENCES `tb_role` (`role_id`)
) ENGINE=InnoDB AUTO_INCREMENT=36 DEFAULT CHARSET=utf8;

/*Data for the table `tb_role_menu` */

insert  into `tb_role_menu`(`role_menu_id`,`role_id`,`menu_id`) values (1,4,65),(2,4,66),(3,4,67),(4,4,68),(5,4,69),(8,4,71),(9,4,72),(10,4,73),(11,4,74),(12,4,75),(13,4,76),(14,4,77),(15,5,65),(16,5,66),(17,5,67),(18,5,71),(19,5,76),(20,5,77),(21,6,65),(22,6,66),(23,6,67),(24,6,71),(25,6,75),(26,6,76),(27,6,77),(28,5,78),(29,5,79),(30,4,78),(31,4,79),(32,6,80),(35,4,80);

/*Table structure for table `tb_role_user` */

DROP TABLE IF EXISTS `tb_role_user`;

CREATE TABLE `tb_role_user` (
  `role_user_id` bigint(20) NOT NULL AUTO_INCREMENT,
  `role_id` bigint(20) NOT NULL COMMENT '角色编码',
  `user_id` bigint(20) NOT NULL COMMENT '用户编码',
  PRIMARY KEY (`role_user_id`),
  KEY `fk_roleid` (`role_id`),
  KEY `fkuserid` (`user_id`),
  CONSTRAINT `fk_roleid` FOREIGN KEY (`role_id`) REFERENCES `tb_role` (`role_id`),
  CONSTRAINT `fkuserid` FOREIGN KEY (`user_id`) REFERENCES `tb_user` (`user_id`)
) ENGINE=InnoDB AUTO_INCREMENT=25 DEFAULT CHARSET=utf8;

/*Data for the table `tb_role_user` */

insert  into `tb_role_user`(`role_user_id`,`role_id`,`user_id`) values (1,4,1231),(2,5,1231),(3,6,1232),(4,6,1233),(5,6,1234),(6,6,1235),(7,6,1236),(8,6,1237),(9,6,1238),(10,6,1239),(11,6,1240),(12,6,1241),(13,6,1242),(14,6,1243),(15,6,1244),(16,6,1245),(17,6,1246),(18,6,1247),(19,6,1248),(20,6,1249),(21,6,1250),(22,6,1251),(23,6,1252),(24,6,1253);

/*Table structure for table `tb_user` */

DROP TABLE IF EXISTS `tb_user`;

CREATE TABLE `tb_user` (
  `user_id` bigint(20) NOT NULL AUTO_INCREMENT COMMENT '用户编码',
  `user_loginname` varchar(20) DEFAULT NULL COMMENT '用户登录名',
  `user_pwd` varchar(64) DEFAULT NULL COMMENT '用户密码',
  `user_name` varchar(90) DEFAULT NULL COMMENT '用户名称',
  `user_createtime` datetime DEFAULT CURRENT_TIMESTAMP COMMENT '创建时间',
  `user_lastlogin` datetime DEFAULT NULL COMMENT '最后一次登录时间',
  `user_purview` varchar(10) DEFAULT NULL COMMENT '权限标识（ALL表示所有权限）',
  `user_status` varchar(5) DEFAULT '1' COMMENT '用户状态',
  PRIMARY KEY (`user_id`),
  UNIQUE KEY `UNIQUE_LOGINNAME` (`user_loginname`),
  FULLTEXT KEY `login_index` (`user_loginname`,`user_pwd`)
) ENGINE=InnoDB AUTO_INCREMENT=1254 DEFAULT CHARSET=utf8;

/*Data for the table `tb_user` */

insert  into `tb_user`(`user_id`,`user_loginname`,`user_pwd`,`user_name`,`user_createtime`,`user_lastlogin`,`user_purview`,`user_status`) values (1231,'unail','EH1YaFFnD2hcOwpl','unail','2016-08-03 16:52:08','2016-10-08 22:30:05','ALL','1'),(1232,'staff1','EH1YaFFnD2hcOwpl','staff1','2016-08-04 18:26:10','2016-08-08 13:27:43','3','1'),(1233,'1000','EH1YaFFnD2hcOwpl','包总','2016-08-11 21:51:47','2016-08-11 21:51:47','3','1'),(1234,'1001','EH1YaFFnD2hcOwpl','Summer','2016-08-11 21:51:51','2016-10-08 22:29:49','3','1'),(1235,'1002','EH1YaFFnD2hcOwpl','Annie','2016-08-11 21:51:54','2016-08-25 01:30:32','3','1'),(1236,'1003','EH1YaFFnD2hcOwpl','Lisa','2016-08-11 21:51:56','2016-08-11 21:51:56','3','1'),(1237,'1004','EH1YaFFnD2hcOwpl','Wendy','2016-08-11 21:51:59','2016-08-11 21:51:59','3','1'),(1238,'1005','EH1YaFFnD2hcOwpl','Linda','2016-08-11 21:52:02','2016-08-11 21:52:02','3','1'),(1239,'1006','EH1YaFFnD2hcOwpl','Hallen','2016-08-11 21:52:05','2016-08-11 21:52:05','3','1'),(1240,'1007','EH1YaFFnD2hcOwpl','Ada','2016-08-11 21:52:09','2016-08-11 21:52:09','3','1'),(1241,'1008','EH1YaFFnD2hcOwpl','Jenny','2016-08-11 21:52:13','2016-08-11 21:52:13','3','1'),(1242,'1009','EH1YaFFnD2hcOwpl','Smile','2016-08-11 21:52:17','2016-08-11 21:52:17','3','1'),(1243,'1010','EH1YaFFnD2hcOwpl','Bella','2016-08-11 21:52:22','2016-08-11 21:52:22','3','1'),(1244,'1011','EH1YaFFnD2hcOwpl','Betty','2016-08-11 21:52:26','2016-08-11 21:52:26','3','1'),(1245,'1012','EH1YaFFnD2hcOwpl','Seliua','2016-08-11 21:52:32','2016-08-11 21:52:32','3','1'),(1246,'1014','EH1YaFFnD2hcOwpl','Alex','2016-08-11 21:52:34','2016-08-11 21:52:34','3','1'),(1247,'1015','EH1YaFFnD2hcOwpl','姗姗','2016-08-11 21:52:40','2016-08-11 21:52:40','3','1'),(1248,'1016','EH1YaFFnD2hcOwpl','Tiua','2016-08-11 21:53:43','2016-08-11 21:53:43','3','1'),(1249,'1017','EH1YaFFnD2hcOwpl','Coco','2016-08-11 21:53:48','2016-08-11 21:53:48','3','1'),(1250,'1018','EH1YaFFnD2hcOwpl','Joy','2016-08-11 21:53:53','2016-08-11 21:53:53','3','1'),(1251,'1019','EH1YaFFnD2hcOwpl','Envy','2016-08-11 21:53:59','2016-08-11 21:53:59','3','1'),(1252,'1020','EH1YaFFnD2hcOwpl','Lily','2016-08-11 21:54:06','2016-08-11 21:54:06','3','1'),(1253,'1021','EH1YaFFnD2hcOwpl','周洋','2016-08-11 21:54:23','2016-08-11 21:54:23','3','1');

/*!40101 SET SQL_MODE=@OLD_SQL_MODE */;
/*!40014 SET UNIQUE_CHECKS=@OLD_UNIQUE_CHECKS */;
/*!40111 SET SQL_NOTES=@OLD_SQL_NOTES */;
